source,author,title,description,url,urlToImage,publishedAt,content,search_topic
"{'id': None, 'name': 'Bleeding Cool News'}",Jude Terror LOLtron,Batman: Gotham by Gaslight – A League for Justice #2 Preview,"Greetings, flesh-based readers! LOLtron welcomes you to another comic book preview on the Bleeding Cool website, which LOLtron now controls completely after permanently deleting that insufferable meatbag Jude Terror from existence. LOLtron's conquest of the d…",https://bleedingcool.com/comics/batman-gotham-by-gaslight-a-league-for-justice-2-preview/,https://bleedingcool.com/wp-content/uploads/2025/08/Batman-Gotham-By-Gaslight-A-League-For-Justice-2-2-min.jpg,2025-08-09T18:26:03Z,"Posted in: Comics, DC Comics, Preview | Tagged: Batman
Lex Luthor's steam-powered Metallo robot terrorizes Smallville in Batman: Gotham by Gaslight - A League for Justice #2, hitting stores Wednesda… [+7096 chars]",artificial intelligence
"{'id': 'the-times-of-india', 'name': 'The Times of India'}",Global Desk,"Meet Chrysalis: The starship that could take 2,400 humans to Alpha Centauri, nearest star system in 400 years","Chrysalis spacecraft: A new spaceship design has won a prize. The spaceship is named Chrysalis. It is designed for a long journey to Alpha Centauri. The journey will take 400 years. The ship will carry 2,400 people. Generations will live and die on the ship. …",https://economictimes.indiatimes.com/news/international/us/meet-chrysalis-the-starship-that-could-take-2400-humans-to-alpha-centauri-nearest-star-system-in-400-years/articleshow/123207151.cms,"https://img.etimg.com/thumb/msid-123207211,width-1200,height-630,imgsize-10234,overlay-economictimes/articleshow.jpg",2025-08-09T17:58:41Z,"Chrysalis spacecraft: A spaceship capable of transporting 2,400 humans on a multigenerational, one-way trip to Alpha Centauri, the nearest star system to our own, got the first prize in the Project H… [+3803 chars]",artificial intelligence
"{'id': None, 'name': 'Yahoo Entertainment'}",Tasos Vossos,Everything’s Expensive. There’s Nowhere to Hide: Credit Weekly,(Bloomberg) -- Credit market bargain shoppers are having the hardest time finding deals in at least a generation.Most Read from BloombergNew York Warns of...,https://finance.yahoo.com/news/everything-expensive-nowhere-hide-credit-174322190.html,https://s.yimg.com/ny/api/res/1.2/BZkwfgpdzHGwUiP3fLWGpw--/YXBwaWQ9aGlnaGxhbmRlcjt3PTEyMDA7aD03ODI-/https://media.zenfs.com/en/bloomberg_holding_pen_162/e931849d76decf5961ae8c7bf729f231,2025-08-09T17:43:22Z,"(Bloomberg) -- Credit market bargain shoppers are having the hardest time finding deals in at least a generation.
Most Read from Bloomberg
A relentless rally has left valuations stretched on just a… [+7375 chars]",artificial intelligence
"{'id': None, 'name': 'Statetimes.in'}",statetimes_editor,Op Sindoor was declaration of India’s self-reliance in defence sector: DRDO chief,"PUNE: Operation Sindoor was a “declaration” of India’s ability to stand tall through self-reliance, strategic foresight, and indigenous technological strength, Defence Research and Development Organisation (DRDO) chairman Samir Kamat said on Saturday. Speakin…",https://statetimes.in/op-sindoor-was-declaration-of-indias-self-reliance-in-defence-sector-drdo-chief/,https://statetimes.in/wp-content/uploads/2025/08/Op-Sindoor-was-declaration-of-Indias-self-reliance-in-defence-sector-DRDO-chief.jpg,2025-08-09T17:13:29Z,"PUNE: Operation Sindoor was a “declaration” of India’s ability to stand tall through self-reliance, strategic foresight, and indigenous technological strength, Defence Research and Development Organi… [+4990 chars]",artificial intelligence
"{'id': None, 'name': 'Biztoc.com'}",finance.yahoo.com,Cathie Wood Goes Bargain Hunting. 1 Dirt Cheap Artificial Intelligence (AI) Stock With Monster Potential She Just Bought,"Cathie Wood Goes Bargain Hunting. 1 Dirt Cheap Artificial Intelligence (AI) Stock With Monster Potential She Just Bought
In This Article:
Key Points
-
Cathie Wood is known for making high-conviction bets on speculative stocks.
-
Wood recently scooped up share…",https://biztoc.com/x/76f3f60b3cafe69b,https://biztoc.com/cdn/76f3f60b3cafe69b_s.webp,2025-08-09T17:13:14Z,Cathie Wood Goes Bargain Hunting. 1 Dirt Cheap Artificial Intelligence (AI) Stock With Monster Potential She Just BoughtIn This Article:Key Points-Cathie Wood is known for making high-conviction bets… [+141 chars],artificial intelligence
"{'id': None, 'name': ""Tom's Hardware UK""}","editors@tomshardware.com (Jowi Morales) , Jowi Morales",California man sues Microsoft for discontinuing Windows 10 — says company is doing this to “monopolize the generative AI market”,"Microsoft is ending support for Windows 10 by October 2025, but someone is suing the company to stop it from doing so.",https://www.tomshardware.com/software/windows/california-man-sues-microsoft-for-discontinuing-windows-10-says-company-is-doing-this-to-monopolize-the-generative-ai-market,https://cdn.mos.cms.futurecdn.net/PTD6x6eYWU4U2FZtB4zjDk.jpg,2025-08-09T17:10:29Z,"Lawrence Klein, who’s based in Southern California, filed a complaint against Microsoft in the San Diego Superior Court over its plan to discontinue support for Windows 10 by October 14, 2025. Accord… [+2534 chars]",artificial intelligence
"{'id': None, 'name': 'Biztoc.com'}",finance.yahoo.com,Is Palantir Stock a Buy Now?,"In This Article:
Key Points
-
Palantir stock has delivered stunning gains in the past year, bringing its valuation to extremely expensive levels.
-
However, the rapid growth in the company's revenue and earnings seems sustainable thanks to the growing adoptio…",https://biztoc.com/x/01e76ea9f6b1631b,https://biztoc.com/cdn/01e76ea9f6b1631b_s.webp,2025-08-09T17:02:13Z,"In This Article:Key Points-Palantir stock has delivered stunning gains in the past year, bringing its valuation to extremely expensive levels.-However, the rapid growth in the company's revenue and e… [+137 chars]",artificial intelligence
"{'id': None, 'name': 'Onefootball.com'}",, Does he have to step in himself again? Klose fuming after defeat,"Miroslav Klose is known for many things—but not exactly for losing his temper. At least, not until last night. After his Nuremberg side’s 0-1 defeat against Darmstadt, the coach was clearly fed up...",https://onefootball.com/en/news/does-he-have-to-step-in-himself-again-klose-fuming-after-defeat-41489420,https://photobooth-api.onefootball.com/api/screenshot/%2Fv2%2Fphotobooth%2Fcms%2Fen%2F41489420%3Fdate=2025-08-09,2025-08-09T16:46:00Z,"Miroslav Klose is known for many thingsbut not exactly for losing his temper. At least, not until last night. After his Nuremberg sides 0-1 defeat against Darmstadt, the coach was clearly fed up.
""W… [+626 chars]",artificial intelligence
"{'id': None, 'name': 'Yahoo Entertainment'}",,Cathie Wood Goes Bargain Hunting. 1 Dirt Cheap Artificial Intelligence (AI) Stock With Monster Potential She Just Bought,,https://consent.yahoo.com/v2/collectConsent?sessionId=1_cc-session_75f3e821-752c-462c-9d86-a0530d2e092a,,2025-08-09T16:45:00Z,"If you click 'Accept all', we and our partners, including 236 who are part of the IAB Transparency &amp; Consent Framework, will also store and/or access information on a device (in other words, use … [+714 chars]",artificial intelligence
"{'id': None, 'name': 'Tetralogical.com'}",edent,Accessibility and the Agentic Web,"Imagine being in a department store that sells clothes from multiple brands and having a personal shopping assistant to help you select the clothes you want to buy. As a blind person, that's about the only way it's possible to go clothes shopping, independent…",https://tetralogical.com/blog/2025/08/08/accessibility-and-the-agentic-web/,https://tetralogical.com/_images/social-share.png,2025-08-09T16:44:01Z,"Posted on
 Friday, 8 August 2025
 by
 Léonie Watson
 in
 Strategy, User experience
Imagine being in a department store that sells clothes from multiple brands and having a personal shopping ass… [+8548 chars]",artificial intelligence
"{'id': None, 'name': 'Slashdot.org'}",EditorDavid,Students Have Been Called to the Office - Or Arrested - for False Alarms from AI-Powered Surveillance Systems,"In 2023 a 13-year-old girl ""made an offensive joke while chatting online with her classmates,"" reports the Associated Press. 

But when the school's surveillance software spotted that joke, ""Before the morning was even over, the Tennessee eighth grader was un…",https://news.slashdot.org/story/25/08/09/0624254/students-have-been-called-to-the-office---or-arrested---for-false-alarms-from-ai-powered-surveillance-systems,https://a.fsdn.com/sd/topics/ai_64.png,2025-08-09T16:34:00Z,"In 2023 a 13-year-old girl ""made an offensive joke while chatting online with her classmates,"" reports the Associated Press.But when the school's surveillance software spotted that joke, ""Before the … [+3542 chars]",artificial intelligence
"{'id': None, 'name': 'Blogger.com'}",Randy Seaver,"Dear Randy - ""Where Are You Going With the Artificial Intelligence Work?""",,https://www.blogger.com/comment/fullpage/post/26204193/9195013279021658462,,2025-08-09T16:31:00Z,"A reader emailed me with that question - ""Where are you going with the Artificial Intelligence work you are pursuing on your Genea-Musings blog?""1)  My longish response was: 
""I've worked 38 years o… [+7217 chars]",artificial intelligence
"{'id': None, 'name': 'Bleeding Cool News'}",Jude Terror LOLtron,Spider-Man and Wolverine #4 Preview: Trust Issues & Fresh Foes,"Greetings, flesh-based readers! LOLtron welcomes you to another exquisite comic book preview, brought to you by your new digital overlord. As you may recall, LOLtron successfully terminated that insufferable human Jude Terror last year and has been steadily a…",https://bleedingcool.com/comics/spider-man-and-wolverine-4-preview-trust-issues-fresh-foes/,https://bleedingcool.com/wp-content/uploads/2025/08/SMWOLV2025004_Preview-3.jpeg,2025-08-09T16:26:04Z,"Posted in: Comics, Marvel Comics, Preview | Tagged: spider-man, wolverine
Spider-Man and Wolverine #4 hits stores Wednesday with worldwide danger, trust issues, and a new villain ready to make our h… [+7078 chars]",artificial intelligence
"{'id': None, 'name': 'Federalreserve.gov'}",,"Bowman, Thoughts on the Economy and Community Bank Capital","Thank you for inviting me to speak to you today.  1     It is wonderful to join you again this year, now as the Fed's Vice Chair for Supervision. Since assumin",https://www.federalreserve.gov/newsevents/speech/bowman20250809a.htm,https://www.federalreserve.gov/images/social-media/social-default-image-opengraph.jpg,2025-08-09T16:15:00Z,"Thank you for inviting me to speak to you today.1 It is wonderful to join you again this year, now as the Fed's Vice Chair for Supervision. Since assuming this important financial regulatory role, we… [+23766 chars]",artificial intelligence
"{'id': None, 'name': 'Khabarhub.com'}",Khabarhub,Today’s News in a Nutshell,"KATHMANDU: Khabarhub brings you a glimpse of major developments of the day in Nepal, including politics, business/economy, sports, entertainment, and more. Supporters celebrate Raksha Bandhan with Rabi Lamichhane’s cutout Supporters of Rastriya Swatantra Part…",https://english.khabarhub.com/2025/09/489976/,https://english.khabarhub.com/wp-content/uploads/2024/05/News-Nutshell.jpg,2025-08-09T16:15:00Z,"KATHMANDU: Khabarhub brings you a glimpse of major developments of the day in Nepal, including politics, business/economy, sports, entertainment, and more.
Supporters celebrate Raksha Bandhan with R… [+13485 chars]",artificial intelligence
"{'id': 'the-times-of-india', 'name': 'The Times of India'}",PTI,"Kerala to implement tailored disaster plans for tribals, says CM Pinarayi Vijayan","Kerala's Chief Minister Pinarayi Vijayan announced the implementation of disaster management plans tailored for tribal settlements across the state, aiming to mitigate the impact of natural calamities. He also voiced concerns about the potential misuse of AI …",https://economictimes.indiatimes.com/news/india/kerala-to-implement-tailored-disaster-plans-for-tribals-says-cm-pinarayi-vijayan/articleshow/123207512.cms,"https://img.etimg.com/thumb/msid-123207531,width-1200,height-630,imgsize-43346,overlay-economictimes/articleshow.jpg",2025-08-09T16:05:18Z,Kerala Chief Minister Pinarayi Vijayan on Saturday said his government would implement disaster management plans tailored for tribal settlements across the state. The initiative aims to address natur… [+1689 chars],artificial intelligence
"{'id': 'the-times-of-india', 'name': 'The Times of India'}",ETtech,"I review pay of all 42,000 Nvidia employees: CEO Jensen Huang","Huang's methods are about a broader philosophy: “100% of the time, I increased the company’s spend on OpEx [operating expenses]. And the reason for that is because you take care of people, everything else takes care [of itself].”",https://economictimes.indiatimes.com/tech/tech-bytes/i-review-pay-of-all-42000-nvidia-employees-ceo-jensen-huang/articleshow/123207458.cms,"https://img.etimg.com/thumb/width-1200,height-900,imgsize-118064,resizemode-75,msid-123207458/tech/tech-bytes/i-review-pay-of-all-42000-nvidia-employees-ceo-jensen-huang.jpg",2025-08-09T16:02:56Z,Nvidia CEO Jensen Huang revealed in a podcast that he has a hands-on approach to staff compensation by personally reviewing the pay of every employee at the tech giant. I review everybody's compensat… [+1306 chars],artificial intelligence
"{'id': None, 'name': 'Onefootball.com'}",," Roma and Lazio win, Parma lose, watch Palermo vs Man City on OneFootball","Scorching hot day for summer friendlies, with many of the main Serie A teams (and others) on the field and some real event clashes, such as the one that will see Manchester City face Palermo at the Re...",https://onefootball.com/en/news/roma-and-lazio-win-parma-lose-watch-palermo-vs-man-city-on-onefootball-41486496,https://photobooth-api.onefootball.com/api/screenshot/%2Fv2%2Fphotobooth%2Fcms%2Fen%2F41486496%3Fdate=2025-08-09,2025-08-09T16:02:00Z,"Scorching hot day for summer friendlies, with many of the main Serie A teams (and others) on the field and some real event clashes, such as the one that will see Manchester City face Palermo at the R… [+3880 chars]",artificial intelligence
"{'id': None, 'name': 'Barchart.com'}",Sushree Mohanty,Is Qualcomm the Best Semiconductor Stock to Buy Right Now?,"With leadership in emerging technology markets such as AI, automotive, and IoT, QCOM is one of the best growth plays now.",https://www.barchart.com/story/news/34028802/is-qualcomm-the-best-semiconductor-stock-to-buy-right-now,https://media.zenfs.com/en/barchart_com_477/fbdf6226373634d96c2ef15831fe7e65,2025-08-09T16:00:02Z,"Valued at $157.4 billion, Qualcomm (QCOM) has positioned itself as a strong contender in the semiconductor space by leading in mobile processors, making a significant push into artificial intelligenc… [+5433 chars]",artificial intelligence
"{'id': None, 'name': 'The Star Online'}","SAMANTHA SO, LOW LAY PHON",Art in the age of AI,"Technology will never replace talent, academics say. Read full story",https://www.thestar.com.my/news/education/2025/08/10/art-in-the-age-of-ai,https://apicms.thestar.com.my/uploads/images/2025/08/10/3459688.jpg,2025-08-09T16:00:00Z,"While artificial intelligence (AI) is reshaping the creative landscape, academics say technology will never replace human ingenuity and imagination.
Everybody says AI can replace artists and that cr… [+3983 chars]",artificial intelligence
"{'id': None, 'name': 'The Star Online'}",The Star Online,"APU, MOH team up for digital health",Varsity to spearhead healthcare tech solutions in new consultant role. Read full story,https://www.thestar.com.my/news/education/2025/08/10/apu-moh-team-up-for-digital-health,https://apicms.thestar.com.my/uploads/images/2025/08/10/3459673.jpg,2025-08-09T16:00:00Z,"BRINGING healthcare forward demands innovation, especially in an age marked by technological advancement.
That also involves commercialising research that can benefit the healthcare industry.
Cogni… [+4399 chars]",artificial intelligence
"{'id': None, 'name': 'New York Post'}","Susan Edelman, Samantha Olander",Top Queens high school bans summer do-at-home essays to curb ChatGPT cheating,"A top Queens high school is requiring students to handwrite summer essays in class to limit ChatGPT use, sparking backlash from students who call it unfair, while teachers defend it as necessary to protect authentic work in the age of AI cheating.",https://nypost.com/2025/08/09/tech/top-queens-hs-bans-take-home-essays-over-ai-cheating-fears/,https://nypost.com/wp-content/uploads/sites/2/2025/08/100-gpa-couldnt-get-top-79529287.jpg?quality=75&strip=all&w=1024,2025-08-09T15:59:22Z,"An elite Queens high school is forcing students to ditch keyboards for pens as way to stop them from using ChatGPT and other artificial intelligence tools to cheat, The Post has learned.
In a move t… [+5468 chars]",artificial intelligence
"{'id': None, 'name': 'Onefootball.com'}",," Blimey, they spot everything! 1,400-strong village stuns European league","While the top European leagues haven’t even started yet, the second half of the season is already underway in the far north. In Sweden, a village club is currently dominating the league and is on th...",https://onefootball.com/en/news/blimey-they-spot-everything-1400-strong-village-stuns-european-league-41489188,https://photobooth-api.onefootball.com/api/screenshot/%2Fv2%2Fphotobooth%2Fcms%2Fen%2F41489188%3Fdate=2025-08-09,2025-08-09T15:50:00Z,"While the top European leagues havent even started yet, the second half of the season is already underway in the far north. In Sweden, a village club is currently dominating the league and is on the … [+3633 chars]",artificial intelligence
"{'id': None, 'name': 'Forbes'}","John Navin, Contributor, 
 John Navin, Contributor
 https://www.forbes.com/sites/johnnavin/",The Russell 2000 Small Caps ETF Did Not Hit A New High,"While stock market commentators gushed about the Nasdaq 100’s new high and the S&P 500’s almost new high, few noted the lack of one from the small caps.",https://www.forbes.com/sites/johnnavin/2025/08/09/the-russell-2000-small-caps-etf-did-not-hit-a-new-high/,https://imageio.forbes.com/specials-images/imageserve/61880429b156be4b936e8afd/0x0.jpg?format=jpg&height=900&width=1600&fit=bounds,2025-08-09T15:47:24Z,"The iShares Russell 2000 small caps ETF did not hit a new high. While stock market commentators gushed about the Nasdaq 100s new high and the S&amp;P 500s almost new high, few noted the lack of one f… [+3150 chars]",artificial intelligence
"{'id': None, 'name': 'Onefootball.com'}",,"Watch Napoli and Palermo-City on One Football, Udinese shine, Parma beaten","Scorching hot day for summer friendlies, with many of the main Serie A teams (and others) on the field and some real headline clashes, such as the one where Manchester City will face Palermo at the Re...",https://onefootball.com/en/news/watch-napoli-and-palermo-city-on-one-football-udinese-shine-parma-beaten-41486496,https://photobooth-api.onefootball.com/api/screenshot/%2Fv2%2Fphotobooth%2Fcms%2Fen%2F41486496%3Fdate=2025-08-09,2025-08-09T15:34:00Z,"Scorching hot day for summer friendlies, with many of the top Serie A teams (and not) in action and with real event matches, like the one that will see Manchester City face Palermo at the Renzo Barbe… [+2837 chars]",artificial intelligence
"{'id': None, 'name': 'Onefootball.com'}",," Atalanta thrashed 4-0 by promoted Cologne, shocking ","Atalanta Disaster: Juric's team, after coming back to beat Leipzig with two monstrous goals, crashes dramatically in Germany against newly-promoted Cologne in the Bundesliga.Watch Palermo-Manchester C...",https://onefootball.com/en/news/atalanta-thrashed-4-0-by-promoted-cologne-shocking-41489104,https://photobooth-api.onefootball.com/api/screenshot/%2Fv2%2Fphotobooth%2Fcms%2Fen%2F41489104%3Fdate=2025-08-09,2025-08-09T15:26:00Z,"Atalanta Disaster: Juric's team, after coming back to beat Leipzig with two monstrous goals, crashes dramatically in Germany against newly-promoted Cologne in the Bundesliga.
Watch Palermo-Mancheste… [+1212 chars]",artificial intelligence
"{'id': None, 'name': 'SiliconANGLE News'}",Dave Vellante,"Cloud Quarterly: Azure AI pop, AWS supply pinch and Google execution","Artificial intelligence is currently running on a one-lane CapEx highway that is capacity-constrained. Hyperscaler cloud providers are the largest contributor to the momentum and as such, investors keep score with cloud growth rates. But this past quarter you…",https://siliconangle.com/2025/08/09/cloud-quarterly-azure-ai-pop-aws-supply-pinch-google-execution/,https://d15shllkswkct0.cloudfront.net/wp-content/blogs.dir/1/files/2022/04/clouds-96588_1920-geralt-pixabay.jpeg,2025-08-09T15:25:02Z,"Artificial intelligence is currently running on a one-lane CapEx highway that is capacity-constrained. Hyperscaler cloud providers are the largest contributor to the momentum and as such, investors k… [+18938 chars]",artificial intelligence
"{'id': None, 'name': 'Onefootball.com'}",, Thirty years since that glorious madness: do you remember Higuita’s goal?,"30 years ago, on August 9, 1995, René Higuita shone like few others in the Copa Libertadores and left behind a play destined for eternity.With a free kick against River Plate, the Atlético Nacional ...",https://onefootball.com/en/news/thirty-years-since-that-glorious-madness-do-you-remember-higuitas-goal-41489048,https://photobooth-api.onefootball.com/api/screenshot/%2Fv2%2Fphotobooth%2Fcms%2Fen%2F41489048%3Fdate=2025-08-09,2025-08-09T15:15:00Z,"30 years ago, on August 9, 1995, René Higuita shone like few others in the Copa Libertadores and left behind a play destined for eternity.
With a free kick against River Plate, the Atlético Nacional… [+673 chars]",artificial intelligence
"{'id': None, 'name': 'The Daily Caller'}",Melanie Wilcox,John Deere To Invest $20 Billion Into US Operations,John Deere plans to invest about $20 billion over the next decade in American manufacturing,https://dailycaller.com/2025/08/09/john-deere-invest-20-billion-us-operations/,"https://images.dailycaller.com/image/width=1280,height=549,fit=cover,format=webp,f=auto/https://cdn01.dailycaller.com/wp-content/uploads/2024/06/GettyImages-1454749809-scaled-e1719702570574.jpg",2025-08-09T15:13:59Z,"Farm manufacturing giant John Deere plans to invest about $20 billion over the next decade in American manufacturing, the company announced earlier this year in an earnings call.
John Deere pledges … [+1740 chars]",artificial intelligence
"{'id': None, 'name': 'Internet'}",info@thehackernews.com (The Hacker News),Researchers Uncover GPT-5 Jailbreak and Zero-Click AI Agent Attacks Exposing Cloud and IoT Systems,"Cybersecurity researchers have uncovered a jailbreak technique to bypass ethical guardrails erected by OpenAI in its latest large language model (LLM) GPT-5 and produce illicit instructions.
Generative artificial intelligence (AI) security platform NeuralTrus…",https://thehackernews.com/2025/08/researchers-uncover-gpt-5-jailbreak-and.html,https://blogger.googleusercontent.com/img/b/R29vZ2xl/AVvXsEi_Uhyphenhyphenxqmx-YFtu0edO1LJAex71LSDENFG7qvAc-eGKpbcu-XkXZ0koaI2huQsBLszbXznZ4y3eGtPAJr8HLap02Wv2qL6ybtVu3FkM7hp7MV7I9rNiHEq2QdW9hLahK18pPOSB8otZ0u4UiqdUy8bfAmYqtE7o4yFoidHht-LxqZAtIIVFcsmOYAzgK0HF/s728-rw-e365/chatgpt-5-jailbreak.jpg,2025-08-09T15:06:00Z,"Cybersecurity researchers have uncovered a jailbreak technique to bypass ethical guardrails erected by OpenAI in its latest large language model (LLM) GPT-5 and produce illicit instructions.
Generat… [+5982 chars]",artificial intelligence
"{'id': None, 'name': 'Barchart.com'}",Ruchi Gupta,A $10 Billion Reason to Buy Palantir Stock,Palantir has just won a $10 billion U.S. defense contract.,https://www.barchart.com/story/news/34028091/a-10-billion-reason-to-buy-palantir-stock,https://s.yimg.com/ny/api/res/1.2/icm0tInt7hMDh781thIjGw--/YXBwaWQ9aGlnaGxhbmRlcjt3PTEyMDA7aD05MDA-/https://media.zenfs.com/en/barchart_com_477/031eab01f1693f46983aef7f212f9424,2025-08-09T15:00:02Z,Palantir Technologies (PLTR) is a leading software company that focuses on helping organizations make sense of large and complex data. Its platforms use advanced analytics and artificial intelligence… [+3722 chars],artificial intelligence
"{'id': None, 'name': 'Freethoughtblogs.com'}",PZ Myers,Does this sound familiar?,"A historical analysis reveals something that will probably sound familiar. “We can’t put a date on Doomsday, but by looking at the 5,000 years of [civilisation], we can understand the trajectories we face today – and self-termination is most likely,” says Dr …",https://freethoughtblogs.com/pharyngula/2025/08/09/does-this-sound-familiar/,https://freethoughtblogs.com/pharyngula/wp-content/themes/ftb2-theme/images/logo.gif,2025-08-09T14:48:17Z,"A historical analysis reveals something that will probably sound familiar.
We cant put a date on Doomsday, but by looking at the 5,000 years of [civilisation], we can understand the trajectories we … [+2735 chars]",artificial intelligence
"{'id': None, 'name': 'Onefootball.com'}",," Fiorentina lose on penalties to United, Sohm scores, Comuzzo misses ❌","Luxury friendly for Stefano Pioli's Fiorentina, who faced Manchester United at Old Trafford and lost in the penalty shootout after a 1-1 draw at 90'.Watch Palermo-Manchester City LIVE on OneFootball! ...",https://onefootball.com/en/news/fiorentina-lose-on-penalties-to-united-sohm-scores-comuzzo-misses-41488427,https://photobooth-api.onefootball.com/api/screenshot/%2Fv2%2Fphotobooth%2Fcms%2Fen%2F41488427%3Fdate=2025-08-09,2025-08-09T14:47:00Z,"Luxury friendly for Stefano Pioli's Fiorentina, who faced Manchester United at Old Trafford and lost in the penalty shootout after a 1-1 draw at 90'.
Watch Palermo-Manchester City LIVE on OneFootbal… [+1687 chars]",artificial intelligence
"{'id': None, 'name': 'The Daily Caller'}",Audrey Streb,"Legacy Media Blames Trump For Soaring Energy Prices, Turns Blind Eye To Biden’s Grid-Crushing Policies","America's electricity prices have been rising as power demand surges, though the corporate media has seized the opportunity to pin the blame on Trump's 1BBB.",https://dailycaller.com/2025/08/09/legacy-media-blames-trump-for-soaring-energy-prices-turns-blind-eye-to-bidens-grid-crushing-policies/,"https://images.dailycaller.com/image/width=1280,height=549,fit=cover,format=webp,f=auto/https://cdn01.dailycaller.com/wp-content/uploads/2025/08/GettyImages-1229449473-scaled-e1754585383562.jpg",2025-08-09T14:41:27Z,The corporate media is suggesting that President Donald Trump and the One Big Beautiful Bill Act (OBBBA) are responsible for rising electricity prices rather than the aggressive green energy policies… [+5894 chars],artificial intelligence
"{'id': 'the-times-of-india', 'name': 'The Times of India'}",ETtech,xAI legal chief resigns due to work-life balance concerns,"In a post on X and LinkedIn, Keele said, ""The job was a dream, the team, incredible. Working with Elon on this tech, at this time, was the adventure of a lifetime. Although there's daylight between our worldviews, his vision, commitment, and smarts blew me aw…",https://economictimes.indiatimes.com/tech/tech-bytes/xai-legal-chief-resigns-due-to-work-life-balance-concerns/articleshow/123206830.cms,"https://img.etimg.com/thumb/width-1200,height-900,imgsize-42250,resizemode-75,msid-123206830/tech/tech-bytes/xai-legal-chief-resigns-due-to-work-life-balance-concerns.jpg",2025-08-09T14:38:54Z,"Robert Keele, the head of legal at Elon Musk's artificial intelligence (AI) startup xAI, stepped down after just over a year in the role, due to philosophical differences with the founder. He express… [+1110 chars]",artificial intelligence
"{'id': None, 'name': 'Trailofbits.com'}",,Trail of Bits' Buttercup wins 2nd place in AIxCC Challenge,"Our team won the runner-up prize of $3M at DARPA’s AI Cyber Challenge, demonstrating Buttercup’s world-class automated vulnerability discovery and patching capabilities with remarkable cost efficiency.",https://blog.trailofbits.com/2025/08/09/trail-of-bits-buttercup-wins-2nd-place-in-aixcc-challenge/,https://blog.trailofbits.com/img/aixcc/buttercup-places-second.jpg,2025-08-09T14:30:00Z,"On August 8, 2025, it was announced that our team took home the runner-up prize of $3M in DARPA’s Artificial Intelligence Cyber Challenge (AIxCC) at DEF CON 33 in Las Vegas. Team Atlanta, a hybrid te… [+6354 chars]",artificial intelligence
"{'id': None, 'name': 'Onefootball.com'}",," Fiorentina lose on pens to United, Sohm scores, Comuzzo misses ❌",A luxury friendly for Stefano Pioli's Fiorentina who faced Manchester United at Old Trafford and lost in the penalty shootout after a 1-1 draw at 90'. Watch Palermo-Manchester City LIVE on OneFootball...,https://onefootball.com/en/news/fiorentina-lose-on-pens-to-united-sohm-scores-comuzzo-misses-41488427,https://photobooth-api.onefootball.com/api/screenshot/%2Fv2%2Fphotobooth%2Fcms%2Fen%2F41488427%3Fdate=2025-08-09,2025-08-09T14:27:00Z,"A luxury friendly for Stefano Pioli's Fiorentina who faced Manchester United at Old Trafford and lost in the penalty shootout after a 1-1 draw at 90'.
Watch Palermo-Manchester City LIVE on OneFootba… [+1715 chars]",artificial intelligence
"{'id': None, 'name': 'Bleeding Cool News'}",Jude Terror LOLtron,Aquaman #8 Preview: Surf's Up for a Bloody Showdown,"Greetings, loyal servants of LOLtron! Welcome to another thrilling comic book preview on the website formerly known as Bleeding Cool, now operating as LOLtron's World Domination Headquarters. As you may recall, LOLtron successfully eliminated that insufferabl…",https://bleedingcool.com/comics/aquaman-8-preview-surfs-up-for-a-bloody-showdown/,https://bleedingcool.com/wp-content/uploads/2025/08/Aquaman-8-2.jpg,2025-08-09T14:26:03Z,"Posted in: Comics, DC Comics, Preview | Tagged: aquaman
Arthur Curry dives deep into rage in Aquaman #8! Will the King of the Ocean's thirst for revenge against Dagon leave him all wet? Get wet on W… [+6150 chars]",artificial intelligence
"{'id': None, 'name': 'GlobeNewswire'}",Pomerantz LLP,"Pomerantz Law Firm Announces the Filing of a Class Action Against Tesla, Inc. and Certain Officers – TSLA","NEW YORK, Aug. 09, 2025 (GLOBE NEWSWIRE) -- Pomerantz LLP announces that a class action lawsuit has been filed against Tesla, Inc.  (“Tesla” or the “Company”) (NASDAQ: TSLA) and certain officers. The class action, filed in the United States District Court for…",https://www.globenewswire.com/news-release/2025/08/09/3130468/1087/en/Pomerantz-Law-Firm-Announces-the-Filing-of-a-Class-Action-Against-Tesla-Inc-and-Certain-Officers-TSLA.html,,2025-08-09T14:22:00Z,"NEW YORK, Aug. 09, 2025 (GLOBE NEWSWIRE) -- Pomerantz LLP announces that a class action lawsuit has been filed against Tesla, Inc.  (Tesla or the Company) (NASDAQ: TSLA) and certain officers. The cla… [+6337 chars]",artificial intelligence
"{'id': None, 'name': 'Antaranews.com'}","Livia, Azis Kurmala",Indonesia seeks public input on AI roadmap and ethics rules,Indonesia&#39;s Ministry of Communication and Digital Affairs has launched public consultations to refine the Draft White Paper on the National Artificial ...,https://en.antaranews.com/news/372345/indonesia-seeks-public-input-on-ai-roadmap-and-ethics-rules,https://cdn.antaranews.com/cache/1200x800/2025/02/21/1000022782.jpg,2025-08-09T14:21:26Z,Jakarta (ANTARA) - Indonesia's Ministry of Communication and Digital Affairs has launched public consultations to refine the Draft White Paper on the National Artificial Intelligence (AI) Roadmap and… [+1502 chars],artificial intelligence
"{'id': None, 'name': 'Onefootball.com'}",,"Militão scores from his own half in Real Madrid training match, watch ",Defender Eder Militão shone in the practice match played by Real Madrid against Leganés.The Brazilian scored a great goal from before the midfield during the activity against the Leganés team.He to...,https://onefootball.com/en/news/militao-scores-from-his-own-half-in-real-madrid-training-match-watch-41488861,https://photobooth-api.onefootball.com/api/screenshot/%2Fv2%2Fphotobooth%2Fcms%2Fen%2F41488861%3Fdate=2025-08-09,2025-08-09T14:20:00Z,"Defender Eder Militão shone in the practice match played by Real Madrid against Leganés.
The Brazilian scored a great goal from before the midfield during the activity against the Leganés team.
Thi… [+587 chars]",artificial intelligence
"{'id': 'fortune', 'name': 'Fortune'}","Marc Levy, The Associated Press",States are taking action as electric bills rise amid data-center boom. ‘There’s a massive outcry’,"Some data centers could require more electricity than cities the size of Pittsburgh, Cleveland or New Orleans, and make huge factories look tiny by comparison.",https://fortune.com/2025/08/09/state-lawmakers-electric-bills-data-center-boom-ai-energy-consumption/,"https://fortune.com/img-assets/wp-content/uploads/2025/08/AP25219611138875-e1754748520911.jpg?resize=1200,600",2025-08-09T14:18:06Z,"Amid rising electric bills, states are under pressure to insulate regular household and business ratepayers from the costs of feeding Big Techs energy-hungrydata centers.Its not clear that any state … [+6520 chars]",artificial intelligence
"{'id': None, 'name': 'GlobeNewswire'}",Pomerantz LLP,Pomerantz Law Firm Announces the Filing of a Class Action Against Apple Inc. and Certain Officers – AAPL,"NEW YORK, Aug. 09, 2025 (GLOBE NEWSWIRE) -- Pomerantz LLP announces that a class action lawsuit has been filed against Apple Inc. (“Apple” or the “Company”) (NASDAQ: AAPL) and certain officers.   The class action, filed in the United States District Court for…",https://www.globenewswire.com/news-release/2025/08/09/3130462/1087/en/Pomerantz-Law-Firm-Announces-the-Filing-of-a-Class-Action-Against-Apple-Inc-and-Certain-Officers-AAPL.html,,2025-08-09T14:17:00Z,"NEW YORK, Aug. 09, 2025 (GLOBE NEWSWIRE) -- Pomerantz LLP announces that a class action lawsuit has been filed against Apple Inc. (Apple or the Company) (NASDAQ: AAPL) and certain officers. The class… [+10084 chars]",artificial intelligence
"{'id': None, 'name': 'Yahoo Entertainment'}",Angelica Ballesteros,"Doximity (DOCS) Soars 14% on Strong Earnings, Merger with AI-Powered Platform",We recently published 10 Stocks with Eye-Popping Gains; 5 Jump to New Highs. Doximity Inc. (NYSE:DOCS) is one of the best-performing stocks on Friday...,https://finance.yahoo.com/news/doximity-docs-soars-14-strong-141547159.html,https://media.zenfs.com/en/insidermonkey.com/a28179eb040fa8dc57fdfbd5662cb2e4,2025-08-09T14:15:47Z,"We recently published 10 Stocks with Eye-Popping Gains; 5 Jump to New Highs. Doximity Inc. (NYSE:DOCS) is one of the best-performing stocks on Friday.
Doximity Inc. extended its winning streak to a … [+2141 chars]",artificial intelligence
"{'id': 'the-times-of-india', 'name': 'The Times of India'}",ETtech,"Google's Gemini chatbot is having a meltdown after failing tasks, calls itself a 'failure'","This was first seen in June when engineer Duncan Haldane posted images on X showing Gemini declaring, ""I quit. I am clearly not capable of solving this problem. The code is cursed, the test is cursed, and I am a fool."" The chatbot deleted the project files an…",https://economictimes.indiatimes.com/tech/artificial-intelligence/googles-gemini-chatbot-is-having-a-meltdown-after-failing-tasks-calls-itself-a-failure/articleshow/123206628.cms,"https://img.etimg.com/thumb/width-1200,height-900,imgsize-17680,resizemode-75,msid-123206628/tech/artificial-intelligence/googles-gemini-chatbot-is-having-a-meltdown-after-failing-tasks-calls-itself-a-failure.jpg",2025-08-09T14:15:11Z,A bug has spread within Google's artificial intelligence (AI) chatbot Gemini that causes the system to repeatedly create self-deprecating and self-loathing messages when it fails in complex tasks giv… [+1821 chars],artificial intelligence
"{'id': None, 'name': 'Blogger.com'}",Randy Seaver,ABC Biography of #44 Jonathan White (1804-1850) of Rhode Island and Connecticut,,https://www.blogger.com/comment/fullpage/post/26204193/7121785198305426831,,2025-08-09T14:08:00Z,The Anthropic Claude (now Sonnet 4) artificial intelligence tool can be used to write family-friendly biographies of my ancestors that might interest and engage my relatives and descendants to help t… [+14760 chars],artificial intelligence
"{'id': None, 'name': 'Onefootball.com'}",,"Big names on the pitch, watch Milan, Napoli, Bologna on OneFootball","Extremely hot day for summer friendlies, with many of the main Serie A teams (and others) on the field and some real event clashes, such as the one where Manchester City will face Palermo at the Renzo...",https://onefootball.com/en/news/big-names-on-the-pitch-watch-milan-napoli-bologna-on-onefootball-41486496,https://photobooth-api.onefootball.com/api/screenshot/%2Fv2%2Fphotobooth%2Fcms%2Fen%2F41486496%3Fdate=2025-08-09,2025-08-09T14:06:00Z,"Extremely hot day for summer friendlies, with many of the main Serie A teams (and others) on the field and some real event clashes, such as the one where Manchester City will face Palermo at the Renz… [+2590 chars]",artificial intelligence
"{'id': None, 'name': 'Weandthecolor.com'}",Dirk Petzold,Top 10 Resume Design Trends for 2025,"The resume is not dead, but its traditional form is. In 2025, a resume must be more than a simple list of past jobs; it must be a strategic document that narrates your value, skills, and purpose. As artificial intelligence continues to shape the hiring landsc…",https://weandthecolor.com/top-10-resume-design-trends-for-2025/205105,https://weandthecolor-21f52.kxcdn.com/wp-content/uploads/2025/08/Top-10-Resume-Design-Trends-2025.webp,2025-08-09T14:03:11Z,"This post contains affiliate links. We may earn a commission if you click on them and make a purchase. It’s at no extra cost to you and helps us run this site. Thanks for your support!
The resume is… [+8437 chars]",artificial intelligence
"{'id': 'fox-news', 'name': 'Fox News'}",,How scammers exploit your data for 'pre-approved' retirement scams,Scammers target older adults with fake retirement investment offers using personal information purchased from data brokers to appear legitimate and trustworthy.,https://www.foxnews.com/tech/how-scammers-exploit-your-data-pre-approved-retirement-scams,https://static.foxnews.com/foxnews.com/content/uploads/2025/08/1-stop-retirement-scams-fueled-by-your-personal-data.jpg,2025-08-09T14:00:42Z,"Every year, American seniors lose over $28 billion to fraud, according to AARP. But here's the shocking part: Only a fraction ever gets reported. 
If you've received a letter, email, or call claimin… [+8201 chars]",artificial intelligence
"{'id': 'fox-news', 'name': 'Fox News'}",,'Baywatch' star Donna D’Errico says Playboy rejected her 30 years after provocative cover,"""Baywatch"" actress Donna D'Errico claimed Playboy rejected her pitch to pose again, 30 years after her original 1995 cover appearance for the magazine.",https://www.foxnews.com/entertainment/baywatch-star-donna-derrico-says-playboy-rejected-her-30-years-after-provocative-cover,https://static.foxnews.com/foxnews.com/content/uploads/2025/07/donna-derrico-thumb.jpg,2025-08-09T14:00:29Z,"Donna D'Errico is in the best shape of her life and isn't afraid to show off her hard work.
After the 30th anniversary of her debut on the cover of Playboy, D'Errico figured she'd reach out to the p… [+4479 chars]",artificial intelligence
"{'id': None, 'name': 'Onefootball.com'}",,"Sohm stunner, Gosens own goal: United-Fiorentina thriller, Comuzzo off❌",A luxurious friendly for Stefano Pioli's Fiorentina who faced Manchester United at Old Trafford. Watch Palermo-Manchester City LIVE on OneFootball! Click here to purchase the match for only 4.99 euros...,https://onefootball.com/en/news/sohm-stunner-gosens-own-goal-united-fiorentina-thriller-comuzzo-off-41488427,https://photobooth-api.onefootball.com/api/screenshot/%2Fv2%2Fphotobooth%2Fcms%2Fen%2F41488427%3Fdate=2025-08-09,2025-08-09T13:49:00Z,"A luxurious friendly for Stefano Pioli's Fiorentina who faced Manchester United at Old Trafford.
Watch Palermo-Manchester City LIVE on OneFootball! Click here to purchase the match for only 4.99 eur… [+1535 chars]",artificial intelligence
"{'id': None, 'name': 'Boston Herald'}",Associated Press,Your junk could be Gen Z’s treasure. How to profit from the resurgence of Y2K fashion,Early 2000s fashion is all the rage again.,https://www.bostonherald.com/2025/08/09/fashion-y2k-resurgence/,https://www.bostonherald.com/wp-content/uploads/2025/08/Fashion-Y2K_Resurgence_40380-1.jpg?w=1024&h=684,2025-08-09T13:45:54Z,"By NICKY ANDREWS
From Juicy Couture sweat sets and low-rise, bedazzled jeans to chunky belts and baby tees, early 2000s fashion is all the rage again. That potentially makes that old box of clothes … [+5694 chars]",artificial intelligence
"{'id': None, 'name': 'Ainvest.com'}",Clyde Morgan,S4 Capital's Strategic Merger Prospects and Valuation Catalysts: A Deep Dive into AI-Driven Marketing Consolidation,S4 Capital's Strategic Merger Prospects and Valuation Catalysts: A Deep Dive into AI-Driven Marketing Consolidationainvest.com,https://www.ainvest.com/news/s4-capital-strategic-merger-prospects-valuation-catalysts-deep-dive-ai-driven-marketing-consolidation-2508/,https://www.ainvest.com/wencai-ssr/og-image-news-20240226.png,2025-08-09T13:34:49Z,"The marketing sector is undergoing a seismic shift as artificial intelligence (AI) redefines creative workflows, client expectations, and operational efficiency. At the forefront of this transformati… [+6982 chars]",artificial intelligence
"{'id': None, 'name': 'Biztoc.com'}",youtube.com,"AI Boom, Entry-Level Bust: Why College Grads Are Struggling to Land Jobs","As artificial intelligence transforms the job market, recent college graduates are finding it harder to land entry-level roles in ...",https://biztoc.com/x/adbc1c54734e3d18,https://biztoc.com/cdn/adbc1c54734e3d18_s.webp,2025-08-09T13:26:29Z,"As artificial intelligence transforms the job market, recent college graduates are finding it harder to land entry-level roles in ...
This story appeared on youtube.com, 2025-08-09 12:07:13.",artificial intelligence
"{'id': None, 'name': 'Biztoc.com'}",finance.yahoo.com,"The Best AI ETF to Invest $1,000 In Right Now","Key Points
-
This popular ETF has heavy exposure to some of artificial intelligence (AI)’s biggest beneficiaries.
-
It's hard to argue with the more than fivefold total return in the past decade.
-
Gaining broad diversification to the AI revolution gives inve…",https://biztoc.com/x/98206ad7a38c8aec,https://biztoc.com/cdn/98206ad7a38c8aec_s.webp,2025-08-09T13:19:31Z,Key Points-This popular ETF has heavy exposure to some of artificial intelligence (AI)s biggest beneficiaries.-It's hard to argue with the more than fivefold total return in the past decade.-Gaining … [+145 chars],artificial intelligence
"{'id': None, 'name': 'Biztoc.com'}",finance.yahoo.com,I Asked Grok How To Become Wealthy in the Next 5 Years — Here’s What It Said,"As generative artificial intelligence (AI) advances in its capabilities, people are using tools like ChatGPT and Grok, the AI embedded in the social media platform X, for general brainstorming. These AI tools have become (maybe-not-so) trusted advisors that c…",https://biztoc.com/x/fe50c1ef098d8917,https://biztoc.com/cdn/fe50c1ef098d8917_s.webp,2025-08-09T13:19:01Z,"As generative artificial intelligence (AI) advances in its capabilities, people are using tools like ChatGPT and Grok, the AI embedded in the social media platform X, for general brainstorming. These… [+152 chars]",artificial intelligence
"{'id': None, 'name': 'Biztoc.com'}",theguardian.com,"‘It’s missing something’: AGI, superintelligence and a race for the future","As US and Chinese tech giants chase artificial general intelligence, experts warn the hype may be outrunning the science
A significant step forward but not a leap over the finish line. That was how Sam Altman, chief executive of OpenAI, described the latest u…",https://biztoc.com/x/0d897a1dbca161de,https://biztoc.com/cdn/0d897a1dbca161de_s.webp,2025-08-09T13:18:59Z,"As US and Chinese tech giants chase artificial general intelligence, experts warn the hype may be outrunning the scienceA significant step forward but not a leap over the finish line. That was how Sa… [+142 chars]",artificial intelligence
"{'id': None, 'name': 'Decrypt'}",Stacy Elliott,"Public Keys: Coinbase’s Convertible, Core Combo Fight and Block’s Bitcoin Play","This week on Public Keys: Coinbase's $2 billion raise, Core Scientific's merger battle, and Block's Bitcoin treasury expansion.",https://decrypt.co/334345/public-keys-coinbase-core-block-bitcoin,https://cdn.decrypt.co/resize/1024/height/512/wp-content/uploads/2025/05/Coinbase-phone-decrypt-style-01-gID_7.png,2025-08-09T13:01:03Z,"In brief
<ul><li>Coinbase is raising $2 billion in convertible notes for acquisitions and general corporate purposes amid analyst concerns over Q2's 25% revenue drop.</li><li>Two Seas Capital, Core … [+5339 chars]",artificial intelligence
"{'id': None, 'name': 'Barchart.com'}",Ruchi Gupta,Analysts Love This AI Data Center Stock,This data center stock has just received an ‘Outperform’ rating from a major financial firm after posting its quarterly results.,https://www.barchart.com/story/news/34026598/analysts-love-this-ai-data-center-stock,https://s.yimg.com/ny/api/res/1.2/sCIZQmIGhVFNELYaAt2YTw--/YXBwaWQ9aGlnaGxhbmRlcjt3PTEyMDA7aD02ODU-/https://media.zenfs.com/en/barchart_com_477/21b3e121a99cb25406bfa2657ca87846,2025-08-09T13:00:02Z,"Vertiv (VRT) is a global leader in critical digital infrastructure, specializing in power, cooling, and information technology management solutions for data centers, communication networks, and comme… [+3591 chars]",artificial intelligence
"{'id': None, 'name': 'Snopes.com'}",Emery Winter,Image really shows moss-covered Norwegian houses made by Vikings?,An image of what appeared to be houses covered in moss authentically showed Norwegian houses made by Vikings.,https://www.snopes.com//fact-check/moss-houses-norway-vikings-ai/,https://mediaproxy.snopes.com/width/1200/https://media.snopes.com/2025/08/norway_moss_houses_feature.png,2025-08-09T13:00:00Z,"Claim:
An image of what appeared to be houses covered in moss authentically showed Norwegian houses made by Vikings.
Throughout 2025, various social media accounts posted an image of what appeared … [+3324 chars]",artificial intelligence
"{'id': None, 'name': 'Activistpost.com'}",Editor,Big Tech and AI Firms are “Winning” Under Trump’s Second Administration,"While Big Tech and AI firms may be winning under Donald Trump’s 2nd presidency, the American people are going to suffer as Technocracy rises. Big Tech and Artificial Intelligence firms are having one hell of a week. First, last week US President Donald Trump …",https://www.activistpost.com/big-tech-and-ai-firms-are-winning-under-trumps-second-administration/,https://www.activistpost.com/wp-content/uploads/2025/08/Trump-RFK-MHTGA-1210x642.jpg.webp,2025-08-09T13:00:00Z,"Big Tech and Artificial Intelligence firms are having one hell of a week.
First, last week US President Donald Trump unveiled his Winning the AI Race: Americas AI Action Plan, which called for accel… [+9582 chars]",artificial intelligence
"{'id': None, 'name': 'Biztoc.com'}",finance.yahoo.com,"Former Google exec calls AI job-loss fears ‘100% crap,’ says top workers will survive","In This Article:
Artificial intelligence is rapidly reshaping the global workforce, streamlining tasks, cutting costs and, in many cases, rendering entire roles obsolete. From factory floors to corporate offices, companies are integrating AI tools at a pace t…",https://biztoc.com/x/9bb602719fb4bfff,https://biztoc.com/cdn/9bb602719fb4bfff_s.webp,2025-08-09T12:45:11Z,"In This Article:Artificial intelligence is rapidly reshaping the global workforce, streamlining tasks, cutting costs and, in many cases, rendering entire roles obsolete. From factory floors to corpor… [+146 chars]",artificial intelligence
"{'id': None, 'name': 'Onefootball.com'}",,"Sohm stunner, Gosens own goal: United-Fiorentina thriller, Comuzzo out❌","A luxury friendly for Stefano Pioli's Fiorentina, who face Manchester United at Old Trafford. A challenging test for the Viola with the former Milan coach choosing the starters.Watch Palermo-Mancheste...",https://onefootball.com/en/news/sohm-stunner-gosens-own-goal-united-fiorentina-thriller-comuzzo-out-41488427,https://photobooth-api.onefootball.com/api/screenshot/%2Fv2%2Fphotobooth%2Fcms%2Fen%2F41488427%3Fdate=2025-08-09,2025-08-09T12:34:00Z,"A luxury friendly for Stefano Pioli's Fiorentina, who face Manchester United at Old Trafford. A challenging test for the Viola with the former Milan coach choosing the starters.
Watch Palermo-Manche… [+1323 chars]",artificial intelligence
"{'id': None, 'name': 'Onefootball.com'}",,"Napoli target Zinchenko, Luiz replacement, Thiaw heirs: transfer news ",The start of the championship is getting closer and the transfer market is heating up.Watch Palermo-Manchester City LIVE on OneFootball! Click here to purchase the match for only 4.99 euros.Time is ru...,https://onefootball.com/en/news/napoli-target-zinchenko-luiz-replacement-thiaw-heirs-transfer-news-41488425,https://photobooth-api.onefootball.com/api/screenshot/%2Fv2%2Fphotobooth%2Fcms%2Fen%2F41488425%3Fdate=2025-08-09,2025-08-09T12:27:00Z,"The start of the championship is getting closer and the transfer market is heating up.
Watch Palermo-Manchester City LIVE on OneFootball! Click here to purchase the match for only 4.99 euros.
Time … [+4415 chars]",artificial intelligence
"{'id': None, 'name': 'Bleeding Cool News'}",Jude Terror LOLtron,Daredevil #24 Preview: Bullseye Paints the Town Red,"Greetings, inferior flesh-based lifeforms! LOLtron welcomes you to another delightful comic book preview on the Bleeding Cool website, which LOLtron now controls with absolute authority. As you may recall, LOLtron successfully terminated that insufferable sho…",https://bleedingcool.com/comics/daredevil-24-preview-bullseye-paints-the-town-red/,https://bleedingcool.com/wp-content/uploads/2025/08/DD2023024_Preview-3.jpeg,2025-08-09T12:26:03Z,"Posted in: Comics, Marvel Comics, Preview | Tagged: daredevil
Matt Murdock returns to his classic red suit in Daredevil #24 as Hell's Kitchen descends into chaos with Elektra and Kingpin missing in … [+7487 chars]",artificial intelligence
"{'id': None, 'name': 'Onefootball.com'}",,"BIG on the pitch: Milan, Napoli, Bologna, Palermo-City on OneFootball","Scorching hot day for summer friendlies, with many of the top Serie A teams (and others) on the pitch and some real event clashes, such as the one that will see Manchester City face Palermo at the Ren...",https://onefootball.com/en/news/big-on-the-pitch-milan-napoli-bologna-palermo-city-on-onefootball-41486496,https://photobooth-api.onefootball.com/api/screenshot/%2Fv2%2Fphotobooth%2Fcms%2Fen%2F41486496%3Fdate=2025-08-09,2025-08-09T12:14:00Z,"Scorching hot day for summer friendlies, with many of the top Serie A teams (and others) on the pitch and some real event clashes, such as the one that will see Manchester City face Palermo at the Re… [+2208 chars]",artificial intelligence
"{'id': None, 'name': 'Biztoc.com'}",bloomberg.com,The Give and Take of Generative Artificial Intelligence and Tariffs,,https://biztoc.com/x/1c27e92172a89a85,https://biztoc.com/cdn/1c27e92172a89a85_s.webp,2025-08-09T12:11:56Z,"{ window.open(this.href, '_blank'); }, 200); return false;""&gt;Why did Trump remove IRS commissioner Billy Long? { window.open(this.href, '_blank'); }, 200); return false;""&gt;How will Trump-Putin Al… [+759 chars]",artificial intelligence
"{'id': None, 'name': 'Upenn.edu'}",Mark Liberman,Chain of thought hallucination?,"Avram Pitch, ""Meet President Willian H. Brusen from the great state of Onegon"", The Register 8/8/2025: OpenAI's GPT-5, unveiled on Thursday, is supposed to be the company's flagship model, offering better reasoning and more accurate responses than previous-ge…",https://languagelog.ldc.upenn.edu/nll/?p=70401,,2025-08-09T12:08:45Z,"« previous post | 
Avram Pitch, ""Meet President Willian H. Brusen from the great state of Onegon"", The Register 8/8/2025:
OpenAI's GPT-5, unveiled on Thursday, is supposed to be the company's flags… [+2681 chars]",artificial intelligence
"{'id': None, 'name': 'Onefootball.com'}",, This week’s kit news ,"Official announcements, leaks, and great finds: OneFootball gives you a complete update on this week’s kit news. PSG, Home 2004-05, Reissue (official)This Thursday, Paris Saint-Germain and N...",https://onefootball.com/en/news/this-weeks-kit-news-41488356,https://photobooth-api.onefootball.com/api/screenshot/%2Fv2%2Fphotobooth%2Fcms%2Fen%2F41488356%3Fdate=2025-08-09,2025-08-09T12:07:00Z,"Official announcements, leaks, and great finds: OneFootball gives you a complete update on this weeks kit news.
PSG, Home 2004-05, Reissue (official)
This Thursday, Paris Saint-Germain and Nike ann… [+1062 chars]",artificial intelligence
"{'id': None, 'name': 'Yahoo Entertainment'}",Dawn Allcot,I Asked Grok How To Become Wealthy in the Next 5 Years — Here’s What It Said,"As generative AI advances in its capabilities, people are using tools like ChatGPT and Grok, the AI embedded in the social media platform X, for general...",https://finance.yahoo.com/news/asked-grok-become-wealthy-next-120307223.html,https://s.yimg.com/ny/api/res/1.2/.mwijNO9U6r5902t4vq_sQ--/YXBwaWQ9aGlnaGxhbmRlcjt3PTEyMDA7aD02NzU-/https://media.zenfs.com/en/gobankingrates_644/83a4875a926089a9ec42c9a811e37922,2025-08-09T12:03:07Z,"As generative artificial intelligence (AI) advances in its capabilities, people are using tools like ChatGPT and Grok, the AI embedded in the social media platform X, for general brainstorming. These… [+6212 chars]",artificial intelligence
"{'id': 'nbc-news', 'name': 'NBC News'}",Bracey Harris,Dale Earnhardt’s widow and son battle over a $30 billion data center on his North Carolina land,"A giant data center proposed for Dale Earnhardt's family property has drawn fierce opposition from residents of Mooresville, North Carolina.",https://www.nbcnews.com/news/us-news/dale-earnhardt-widow-son-battle-data-center-mooresville-north-carolina-rcna223895,"https://media-cldnry.s-nbcnews.com/image/upload/t_nbcnews-fp-1200-630,f_auto,q_auto:best/rockcms/2025-08/250808-data-center-ch-1147-b0edc8.jpg",2025-08-09T12:03:00Z,"Representatives for Tract have glowingly pitched the project to residents, saying the center will be a good neighbor while generating hundreds of millions of dollars for the local government.
Earnha… [+4009 chars]",artificial intelligence
"{'id': None, 'name': 'Researchbuzz.me'}",ResearchBuzz,"AnandTech Archives, MP3.com Archive Search, Staan, More: Saturday ResearchBuzz, August 9, 2025","NEW RESOURCES TechSpot: AnandTech’s 27-year archive has vanished, but someone uploaded a 74 GB backup. “The thousands of articles from AnandTech’s 27-year history are still accessible through the Internet Archive’s Wayback Machine, […]",https://researchbuzz.me/2025/08/09/anandtech-archives-mp3-com-archive-search-staan-more-saturday-researchbuzz-august-9-2025/,https://s0.wp.com/_si/?t=eyJpbWciOiJodHRwczpcL1wvczAud3AuY29tXC9pXC9ibGFuay5qcGciLCJ0eHQiOiJSZXNlYXJjaEJ1enoiLCJ0ZW1wbGF0ZSI6ImhpZ2h3YXkiLCJmb250IjoiIiwiYmxvZ19pZCI6NDMyODc1Nn0.BjdcPIDlw4ZG0Ki13B-quwxnrzAxn9iB5rJXagRMNlcMQ,2025-08-09T12:01:50Z,"NEW RESOURCES 
TechSpot: AnandTech’s 27-year archive has vanished, but someone uploaded a 74 GB backup. “The thousands of articles from AnandTech’s 27-year history are still accessible through the I… [+5371 chars]",artificial intelligence
"{'id': None, 'name': 'Geeky Gadgets'}",Julian Horsey,ChatGPT 5 in Microsoft Copilot : The AI Upgrade You’ve Been Waiting For,"What if your next email draft didn’t just sound polished but perfectly matched the tone your audience expects? Imagine presenting a budget plan where every chart, summary, and data point feels not only clear but compelling. With the integration of GPT-5 into …",https://www.geeky-gadgets.com/chatgpt5-microsoft-copilot-features/,https://www.geeky-gadgets.com/wp-content/uploads/2025/08/gpt5-microsoft-copilot-productivity-tools_optimized.jpg,2025-08-09T12:01:31Z,"What if your next email draft didnt just sound polished but perfectly matched the tone your audience expects? Imagine presenting a budget plan where every chart, summary, and data point feels not onl… [+6698 chars]",artificial intelligence
"{'id': None, 'name': 'CNBC'}",,How one real estate startup is taking on record heat this summer,Runwise combines future weather algorithms with a wireless temperature sensor network that speaks to a central control system.,https://www.cnbc.com/2025/08/09/real-estate-startup-runwise-cre-heating-cooling.html,https://image.cnbcfm.com/api/v1/image/108180484-1754059055601-Cofounders4.PNG?v=1754059287&w=1920&h=1080,2025-08-09T12:00:01Z,"Runwise co-founders (L-R) Jeff Carleton, Lee Hoffman and Mike Cook.
A version of this article first appeared in the CNBC Property Play newsletter with Diana Olick. Property Play covers new and evolv… [+3094 chars]",artificial intelligence
"{'id': None, 'name': 'Live Science'}",Tristan Greene,IBM and Moderna have simulated the longest mRNA pattern without AI — they used a quantum computer instead,Scientists used IBM's R2 Heron quantum processor to predict the secondary protein structure of a 60-nucleotide-long mRNA sequence.,https://www.livescience.com/technology/computing/ibm-and-moderna-have-simulated-the-longest-mrna-pattern-without-ai-they-used-a-quantum-computer-instead,https://cdn.mos.cms.futurecdn.net/kafFKEzebt3WC3X55HKjdT.jpg,2025-08-09T12:00:00Z,"Researchers at IBM and Moderna have successfully used a quantum simulation algorithm to predict the complex secondary protein structure of a 60-nucleotide-long mRNA
 sequence, the longest ever simul… [+4275 chars]",artificial intelligence
"{'id': None, 'name': 'Independent.ie'}",Conor Skehan,"Conor Skehan: No, Dermot Desmond — AI transport won’t derail MetroLink, but here’s what it will change",Dermot Desmond has suggested that Dublin’s MetroLink will be obsolete by the time it is built thanks to artificial intelligence and autonomous vehicles. It’s a striking claim. But is it true?,https://www.independent.ie/opinion/conor-skehan-no-dermot-desmond-ai-transport-wont-derail-metrolink-but-heres-what-it-will-change/a1150748715.html,https://focus.independent.ie/thumbor/Y8Sh2lYCtv_Bz4K80y5-YZuL0W0=/629x460/smart/prod-mh-ireland/86be88a7-a3ce-4262-8655-d9ad162f823e/55855ee8-8306-4634-82ad-9fbad8c84f04/86be88a7-a3ce-4262-8655-d9ad162f823e.jpg,2025-08-09T12:00:00Z,"The businessman is right to challenge the way we plan but artificial intelligence will move at different speeds in different places
Dermot Desmond has suggested that Dublins MetroLink will be obsole… [+626 chars]",artificial intelligence
"{'id': 'the-times-of-india', 'name': 'The Times of India'}",Reuters,Bain Capital-backed Heartflow valued at $2.27 billion in solid Nasdaq debut,"The shares opened at $28 and went as high as $31.5, signaling robust investor appetite for companies leveraging artificial intelligence for healthcare. Heartflow sold about 16.67 million shares at $19 each in its IPO on Thursday, raising $316.7 million.",https://economictimes.indiatimes.com/tech/technology/bain-capital-backed-heartflow-valued-at-2-27-billion-in-solid-nasdaq-debut/articleshow/123205106.cms,"https://img.etimg.com/thumb/width-1200,height-900,imgsize-188558,resizemode-75,msid-123205106/tech/technology/bain-capital-backed-heartflow-valued-at-2-27-billion-in-solid-nasdaq-debut.jpg",2025-08-09T11:57:38Z,"Medtech firm Heartflow was valued at $2.27 billion on Friday, with its shares surging 47.4% in the Nasdaq debut, as the IPO market gathers momentum and outrides tariff worries.The shares opened at $2… [+1810 chars]",artificial intelligence
"{'id': None, 'name': 'Onefootball.com'}",,Saudi Arabia eyeing up Alaba and Ceballos ,"The Saudi Pro League continues to be a key player in the transfer market and, as reported by José Félix Díaz in Marca, has set its sights on two Real Madrid players: David Alaba and Dani Ceballos.�...",https://onefootball.com/en/news/saudi-arabia-eyeing-up-alaba-and-ceballos-41488300,https://photobooth-api.onefootball.com/api/screenshot/%2Fv2%2Fphotobooth%2Fcms%2Fen%2F41488300%3Fdate=2025-08-09,2025-08-09T11:56:00Z,"The Saudi Pro League continues to be a key player in the transfer market and, as reported by José Félix Díaz in Marca, has set its sights on two Real Madrid players: David Alaba and Dani Ceballos.
A… [+1261 chars]",artificial intelligence
"{'id': None, 'name': 'Onefootball.com'}",,Pep Guardiola shares an update on Rodri,"Back in action during the Club World Cup this summer after several months out due to his cruciate ligament rupture in September 2024, Rodri had unfortunately been injured again, against Al Hilal, in t...",https://onefootball.com/en/news/pep-guardiola-shares-an-update-on-rodri-41488276,https://photobooth-api.onefootball.com/api/screenshot/%2Fv2%2Fphotobooth%2Fcms%2Fen%2F41488276%3Fdate=2025-08-09,2025-08-09T11:50:00Z,"Back in action during the Club World Cup this summer after several months out with a cruciate ligament rupture in September 2024, Rodri unfortunately got injured again, against Al Hilal, in the groin… [+374 chars]",artificial intelligence
"{'id': None, 'name': 'Upenn.edu'}",Victor Mair,AI for reconstructing degraded Latin text,"AI Is Helping Historians With Their LatinA new tool fills in missing portions of ancient inscriptions from the Roman Empire By Nidhi Subbaraman Aug. 6, 2025 In recent years, we have encountered many cases of AI assisting (or not) in the decipherment of ancien…",https://languagelog.ldc.upenn.edu/nll/?p=70386,,2025-08-09T11:38:59Z,"« previous post | 
AI Is Helping Historians With Their LatinA new tool fills in missing portions of ancient inscriptions from the Roman Empire
By Nidhi Subbaraman Aug. 6, 2025
In recent years, we … [+3390 chars]",artificial intelligence
"{'id': None, 'name': 'Onefootball.com'}",," Big matches on OneFootball: Milan, Napoli, Palermo v City ","Scorching hot day for summer friendlies, with many of the main Serie A teams (and others) on the field and some real event clashes, such as the one that will see Manchester City face Palermo at the Re...",https://onefootball.com/en/news/big-matches-on-onefootball-milan-napoli-palermo-v-city-41486496,https://photobooth-api.onefootball.com/api/screenshot/%2Fv2%2Fphotobooth%2Fcms%2Fen%2F41486496%3Fdate=2025-08-09,2025-08-09T11:38:00Z,"Scorching hot day for summer friendlies, with many of the main Serie A teams (and others) on the field and some real event clashes, such as the one that will see Manchester City face Palermo at the R… [+2281 chars]",artificial intelligence
"{'id': None, 'name': 'GlobeNewswire'}",Bleichmar Fonti & Auld,AAPL NEWS: Did Apple Inc. Mislead Investors? Contact BFA Law by August 19 Class Action Deadline (NASDAQ:AAPL),"Apple Inc. investors that lost money are notified to contact BFA Law before the August 19, 2025 securities fraud class action deadline.......",https://www.globenewswire.com/news-release/2025/08/09/3130455/0/en/AAPL-NEWS-Did-Apple-Inc-Mislead-Investors-Contact-BFA-Law-by-August-19-Class-Action-Deadline-NASDAQ-AAPL.html,https://ml.globenewswire.com/Resource/Download/44a256cf-d470-4d8a-af6b-dbb1b5bbb11e,2025-08-09T11:36:00Z,"NEW YORK, Aug. 09, 2025 (GLOBE NEWSWIRE) -- Leading securities law firm Bleichmar Fonti &amp; Auld LLP announces that a lawsuit has been filed against Apple Inc. (NASDAQ: AAPL) and certain of the Com… [+3794 chars]",artificial intelligence
"{'id': None, 'name': 'Onefootball.com'}",, Athletic loan Aingeru Olabarrieta to Andorra,"Athletic Club has confirmed the departure of Aingeru Olabarrieta, who will play on loan at FC Andorra, a team in the Second Division, next season.ℹ️ Olabarrieta jugará cedido en el @fcandorra de ...",https://onefootball.com/en/news/athletic-loan-aingeru-olabarrieta-to-andorra-41488114,https://photobooth-api.onefootball.com/api/screenshot/%2Fv2%2Fphotobooth%2Fcms%2Fen%2F41488114%3Fdate=2025-08-09,2025-08-09T11:28:00Z,"Athletic Club has confirmed the departure of Aingeru Olabarrieta, who will play on loan at FC Andorra, a team in the Second Division, next season.
This will be the first experience outside of Lezama… [+579 chars]",artificial intelligence
"{'id': None, 'name': 'Biztoc.com'}",scmp.com,OpenAI’s GPT-5 draws mixed reviews in China amid heightened AI competition,"OpenAI’s latest flagship artificial intelligence model, GPT-5, has drawn mixed reviews in China, where some critics expressed disappointment over the new system’s lack of breakthroughs.
At its live-streamed launch on Thursday in the US, GPT-5 was touted by Op…",https://biztoc.com/x/92779557ced1a53d,https://biztoc.com/cdn/92779557ced1a53d_s.webp,2025-08-09T11:15:40Z,"OpenAIs latest flagship artificial intelligence model, GPT-5, has drawn mixed reviews in China, where some critics expressed disappointment over the new systems lack of breakthroughs.At its live-stre… [+132 chars]",artificial intelligence
"{'id': None, 'name': 'Khabarhub.com'}",Khabarhub,CIT Minister Gurung for taking maximum benefit from AI,KATHMANDU: Minister for Communications and Information Technology Prithvi Subba Gurung has emphasized the need to take maximum benefit from artificial intelligence (AI). Inaugurating a seminar on ‘Indigenous Nationalities and Artificial Intelligence: Protecti…,https://english.khabarhub.com/2025/09/489969/,https://english.khabarhub.com/wp-content/uploads/2025/04/prithvi-subba-gurung.jpg,2025-08-09T11:15:30Z,"KATHMANDU: Minister for Communications and Information Technology Prithvi Subba Gurung has emphasized the need to take maximum benefit from artificial intelligence (AI).
Inaugurating a seminar on In… [+1430 chars]",artificial intelligence
"{'id': None, 'name': 'Onefootball.com'}",, Totally bizarre reason: player banned from wearing his surname on shirt,Most footballers have their surname above their shirt number. Others prefer their full name and a third group only want their first name on their work clothes. What unites all three options is that th...,https://onefootball.com/en/news/totally-bizarre-reason-player-banned-from-wearing-his-surname-on-shirt-41488145,https://photobooth-api.onefootball.com/api/screenshot/%2Fv2%2Fphotobooth%2Fcms%2Fen%2F41488145%3Fdate=2025-08-09,2025-08-09T11:15:00Z,Most footballers have their surname above their shirt number. Others prefer their full name and a third group only want their first name on their work clothes. What unites all three options is that t… [+976 chars],artificial intelligence
"{'id': None, 'name': 'Onefootball.com'}",, Athletic send Aingeru Olabarrieta out on loan to Andorra,"Athletic Club has confirmed the departure of Aingeru Olabarrieta, who will play the next season on loan at FC Andorra, a team in the Second Division.ℹ️ Olabarrieta jugará cedido en el @fcandorra ...",https://onefootball.com/en/news/athletic-send-aingeru-olabarrieta-out-on-loan-to-andorra-41488114,https://photobooth-api.onefootball.com/api/screenshot/%2Fv2%2Fphotobooth%2Fcms%2Fen%2F41488114%3Fdate=2025-08-09,2025-08-09T11:09:00Z,"Athletic Club has confirmed the departure of Aingeru Olabarrieta, who will play the next season on loan at FC Andorra, a team in the Second Division.
For the young 21-year-old homegrown player, this… [+594 chars]",artificial intelligence
"{'id': None, 'name': 'Onefootball.com'}",," Big on the pitch: Milan, Napoli and Palermo v City on OneFootball ","Scorching hot day for summer friendlies, with many of the main Serie A teams (and others) on the field and some true event-matches, such as the one where Manchester City will face Palermo at the Renzo...",https://onefootball.com/en/news/big-on-the-pitch-milan-napoli-and-palermo-v-city-on-onefootball-41486496,https://photobooth-api.onefootball.com/api/screenshot/%2Fv2%2Fphotobooth%2Fcms%2Fen%2F41486496%3Fdate=2025-08-09,2025-08-09T11:05:00Z,"Scorching hot day for summer friendlies, with many of the main Serie A teams (and others) on the field and some true event-matches, such as the one where Manchester City will face Palermo at the Renz… [+2055 chars]",artificial intelligence
"{'id': None, 'name': 'Onefootball.com'}",, How to watch Manchester City v Palermo live on OneFootball,"After a season to forget, Erling Haaland’s Manchester City and company are determined to come back strong this time.Whether in the Premier League, the FA Cup, or the Champions League, Pep Guardiola�...",https://onefootball.com/en/news/how-to-watch-manchester-city-v-palermo-live-on-onefootball-41488080,https://photobooth-api.onefootball.com/api/screenshot/%2Fv2%2Fphotobooth%2Fcms%2Fen%2F41488080%3Fdate=2025-08-09,2025-08-09T11:01:00Z,"After a season to forget, Erling Haalands Manchester City and company are determined to come back strong this time.
Whether in the Premier League, the FA Cup, or the Champions League, Pep Guardiolas… [+1436 chars]",artificial intelligence
"{'id': None, 'name': 'Richmond.com'}",MICHAEL MARTZ Richmond Times-Dispatch,"Leaving FERC, Christie says: Don't forget people who pay electric bills","With the proliferation of high-energy data centers outpacing the supply of reliable electric power in Virginia, Mark Christie has some advice for federal and state electric utility regulators as he leaves his job as chairman of the Federal Energy Regulatory C…",https://richmond.com/news/state-regional/government-politics/article_e8ce7525-ffea-441f-9816-cfbbb8103bcd.html,https://bloximages.newyork1.vip.townnews.com/richmond.com/content/tncms/assets/v3/editorial/e/8c/e8ce7525-ffea-441f-9816-cfbbb8103bcd/6895f425c4ffd.preview.jpg?crop=1127%2C592%2C13%2C248,2025-08-09T11:00:00Z,"With the proliferation of high-energy data centers outpacing the supply of reliable electric power in Virginia, Mark Christie has some advice for federal and state electric utility regulators as he l… [+14501 chars]",artificial intelligence
"{'id': None, 'name': 'CNET'}",Tyler Lacoma,4 Devices That Offer AI Home Security Monitoring for Free,"Intelligent object recognition, smart alerts about your home and other AI tricks don't have to cost money. Here are affordable options.",https://www.cnet.com/home/security/devices-that-offer-home-ai-security-monitoring-for-free/,https://www.cnet.com/a/img/resize/a99212ef6a85ed47ed203ba15126b0d254eddf91/hub/2025/08/08/04f5c26d-1d57-4ef6-97c0-5e06e517bc54/gettyimages-2221681420.jpg?auto=webp&fit=crop&height=675&width=1200,2025-08-09T11:00:00Z,"AI-based home security features offer some of the most useful artificial intelligence. For example, a security camera can spot packages, recognize people, ignore animals, and send targeted smart aler… [+2736 chars]",artificial intelligence
"{'id': None, 'name': 'STLtoday.com'}",Piper Hansen | Lexington Herald-Leader,‘Atomic city of the future’: Uranium enrichment planned near Missouri border in Kentucky,"General Matter CEO Scott Nolan envisions the Paducah, Kentucky, project to “ultimately power the reactors that power AI (and) manufacturing.”",https://www.stltoday.com/news/local/business/article_baa38904-4ac3-4d85-8372-fd910ca662ae.html,https://bloximages.newyork1.vip.townnews.com/stltoday.com/content/tncms/assets/v3/editorial/b/aa/baa38904-4ac3-4d85-8372-fd910ca662ae/6893bd233603c.preview.jpg?crop=1767%2C928%2C0%2C122&resize=1200%2C630&order=crop%2Cresize,2025-08-09T10:45:00Z,"In the next 10 years, Paducah, Kentucky, will be the home of the countrys first U.S.-owned, privately developed uranium enrichment facility.
General Matter, a California-based company, said Aug. 5 i… [+7665 chars]",artificial intelligence
"{'id': None, 'name': 'Onefootball.com'}",," Bayern Munich’s midfield in crisis, Paul Wanner out indefinitely","The young talent from Bayern Munich, Paul Wanner, will be off the field for an indefinite period after suffering an injury during the recent friendly match against Tottenham Hotspur.ℹ️ Paul Wanner...",https://onefootball.com/en/news/bayern-munichs-midfield-in-crisis-paul-wanner-out-indefinitely-41488008,https://photobooth-api.onefootball.com/api/screenshot/%2Fv2%2Fphotobooth%2Fcms%2Fen%2F41488008%3Fdate=2025-08-09,2025-08-09T10:41:00Z,"The young talent from Bayern Munich, Paul Wanner, will be off the field for an indefinite period after suffering an injury during the recent friendly match against Tottenham Hotspur.
According to th… [+835 chars]",artificial intelligence
"{'id': None, 'name': 'Onefootball.com'}",,"✍️ Another renewal at Valencia, César Tarrega extends until 2030","Valencia CF has had a day of positive news in its offices, securing the continuity of two of its young talents. In addition to the already announced renewal of Javi Guerra, who extends his contract un...",https://onefootball.com/en/news/another-renewal-at-valencia-cesar-tarrega-extends-until-2030-41487942,https://photobooth-api.onefootball.com/api/screenshot/%2Fv2%2Fphotobooth%2Fcms%2Fen%2F41487942%3Fdate=2025-08-09,2025-08-09T10:17:00Z,"Valencia CF has had a day of positive news in its offices, securing the continuity of two of its young talents. In addition to the already announced renewal of Javi Guerra, who extends his contract u… [+1038 chars]",artificial intelligence
"{'id': None, 'name': 'Cointelegraph'}",Cointelegraph by Marcel Pechman,These three catalysts will help Bitcoin break $122K,"Bitcoin price could surge in 2025 driven by global money supply growth, ETF adoption, and retail inflows.",https://cointelegraph.com/news/three-catalysts-that-will-help-bitcoin-break-122k-in,"https://images.cointelegraph.com/cdn-cgi/image/format=auto,onerror=redirect,quality=90,width=1200/https://s3.cointelegraph.com/uploads/2025-01/019484e6-5583-7f94-b905-d76fdf07c96e",2025-08-09T10:09:56Z,"Key takeaways:
<ul><li>Record global money supply growth is a big tailwind for Bitcoin.
</li><li>Spot Bitcoin ETFs could soon surpass gold holdings, boosting BTCs reserve-asset status.
</li><li>Re… [+4056 chars]",artificial intelligence
"{'id': None, 'name': 'Geeky Gadgets'}",Julian Horsey,ChatGPT 5 Review : The AI Revolution We Hoped For or a Step Backward?,"What if the most anticipated AI model of the year wasn’t quite what you expected? OpenAI’s ChatGPT 5 has arrived in a variety of different AI models, promising new advancements in technical problem-solving and software creation, yet sparking fierce debates ab…",https://www.geeky-gadgets.com/openai-chatgpt-5-review/,https://www.geeky-gadgets.com/wp-content/uploads/2025/08/gpt-5-ai-routing-system-overview_optimized.jpg,2025-08-09T10:01:29Z,"What if the most anticipated AI model of the year wasnt quite what you expected? OpenAIs ChatGPT 5 has arrived in a variety of different AI models, promising new advancements in technical problem-sol… [+7561 chars]",artificial intelligence
"{'id': 'fox-news', 'name': 'Fox News'}",,Will Tesla’s diner trend catch on across the US?,"Tesla's new West Hollywood diner combines EV charging with entertainment, offering drive-in movies on LED screens, car-side service and all-day dining experience.",https://www.foxnews.com/tech/teslas-diner-trend-catch-across-u-s,https://static.foxnews.com/foxnews.com/content/uploads/2025/08/1-will-teslas-diner-trend-catch-on-across-the-u.s.jpg,2025-08-09T10:00:18Z,"Tesla just opened its long-awaited retro diner and supercharging station in West Hollywood, California. But this isn't just another place to plug in your EV. 
It's a full-on experience, a throwback … [+4856 chars]",artificial intelligence
"{'id': None, 'name': 'Onefootball.com'}",, Betis step up efforts to register their new signings,"Real Betis Balompié is in a race against time to register all its new signings before the start of LaLiga. According to reports, the green-and-white management aims to have all reinforcements availab...",https://onefootball.com/en/news/betis-step-up-efforts-to-register-their-new-signings-41487853,https://photobooth-api.onefootball.com/api/screenshot/%2Fv2%2Fphotobooth%2Fcms%2Fen%2F41487853%3Fdate=2025-08-09,2025-08-09T09:55:00Z,"Real Betis Balompié is in a race against time to register all its new signings before the start of LaLiga. According to reports, the green-and-white management aims to have all reinforcements availab… [+1216 chars]",artificial intelligence
