text,label
Social economy enterprises balance profit with community benefit more effectively than traditional business models prioritizing shareholder value.,left
Regional food systems reduce environmental impact and support local farmers.,left
Pharmaceutical patents should be limited to ensure affordable medications.,left
Public infrastructure investment creates employment while building essential services necessary for community economic development.,left
Mutual aid networks provide community support during crises more effectively than bureaucratic systems.,left
Cooperative childcare centers provide affordable quality care while supporting working parents.,left
Community investment cooperatives keep local savings supporting neighborhood business development.,left
Social impact bonds prioritize profit over genuine community development needs.,left
Social enterprise cooperatives demonstrate sustainable business models that prioritize community benefit over profit extraction.,left
Platform cooperatives give workers control over digital labor conditions.,left
Community land stewardship protects ecosystems while providing sustainable livelihoods for residents through democratic resource management practices.,left
Community land ownership prevents speculation while maintaining affordable housing for working families.,left
Cooperative business structures distribute economic benefits more equitably while maintaining democratic workplace governance and community accountability.,left
Corporate welfare costs taxpayers more than social safety net programs.,left
Cooperative economics prioritizes human welfare over profit maximization through democratic resource allocation and shared ownership models.,left
Social economy prioritizes human welfare over market efficiency in organizing economic activity democratically.,left
Student debt forgiveness would stimulate economic growth and opportunity.,left
Private equity firms destroy companies and exploit vulnerable workers.,left
Community gardens improve food security and environmental health outcomes.,left
Public media funding ensures independent journalism free from corporate advertising influence.,left
Worker representation on corporate boards would align business decisions with employee interests.,left
Public services expansion reduces social inequality while creating good paying employment opportunities in communities.,left
Worker ownership transfers economic control from capital to labor through democratic workplace governance and shared decision making.,left
Public utilities provide reliable services while keeping profits in communities rather than extracting wealth.,left
Community resilience planning addresses systemic vulnerabilities through collective action and local democratic control over resource allocation.,left
Municipal utilities provide reliable service while keeping profits in local communities.,left
Public housing authorities should build mixed income communities rather than concentrating poverty through market based housing policies.,left
Worker solidarity across industries builds collective power necessary for challenging corporate dominance and systemic economic exploitation.,left
Community energy projects reduce utility costs while advancing renewable technology adoption through democratic ownership and local control.,left
Community organizing strategies build grassroots power for progressive change at local and national levels.,left
Public education serves community needs better than privatized charter schools focused on profit generation.,left
Social enterprises balance profit with community benefit more than traditional business models.,left
Public ownership of essential services ensures accountability while eliminating profit driven service reduction.,left
Public investment in community infrastructure creates employment opportunities while improving quality of life for neighborhood residents.,left
Public investment in community infrastructure creates jobs while improving quality of life.,left
Wealth redistribution through progressive taxation creates economic justice.,left
Public option healthcare would reduce administrative costs and improve patient outcomes.,left
Cooperative childcare centers provide affordable quality care while supporting working parents through democratic governance and community ownership.,left
Community wealth building strategies retain local capital while creating opportunities for existing residents.,left
Worker cooperatives demonstrate economic democracy through shared ownership and democratic workplace governance.,left
Public ownership ensures democratic accountability while eliminating profit driven reduction in service quality.,left
Community schools integrate services to address educational equity comprehensively.,left
Economic democracy requires community control over productive resources rather than capitalist ownership and profit extraction.,left
Public banking provides community development financing without extractive Wall Street intermediaries.,left
Community resilience addresses systemic vulnerabilities through collective action and local democratic control.,left
Public healthcare expansion eliminates medical bankruptcy while providing comprehensive care based on human need.,left
Community land ownership prevents speculation while ensuring affordable housing for working families.,left
Public defenders deserve equal resources as prosecutors for fair justice.,left
Community development initiatives should prioritize existing residents over outside investment and gentrification.,left
Community wealth strategies retain local capital while building economic self determination for residents.,left
Community resilience planning addresses environmental challenges through democratic participation and local control over resources.,left
Public goods provision through democratic institutions serves community needs better than markets.,left
Cooperative businesses distribute wealth more equitably than traditional corporations.,left
Public investment in social infrastructure creates jobs while building stronger communities for everyone.,left
Community development without displacement protects existing residents while improving neighborhood conditions through sustainable practices.,left
Worker cooperatives demonstrate viable alternatives to exploitative employment relationships.,left
Social justice requires systemic change rather than individual charity or market based solutions.,left
Community investment funds keep local wealth in neighborhood economies.,left
Public education systems serve community needs better than privatized charter schools primarily focused on profit generation and market competition.,left
Social movement organizing builds power for systemic change toward economic democracy.,left
Worker cooperatives demonstrate viable economic alternatives through democratic ownership and workplace governance prioritizing community benefit.,left
Community land ownership prevents real estate speculation while ensuring permanently affordable housing for working families.,left
Public investment creates jobs while building infrastructure necessary for sustainable community development.,left
Public healthcare systems eliminate medical bankruptcy while providing comprehensive care based on human need rather than profit.,left
Public banking eliminates predatory fees while supporting local economic development priorities.,left
Worker ownership models create more democratic and sustainable businesses.,left
Community development initiatives should prioritize existing residents over outside investment that threatens displacement through gentrification processes.,left
Public libraries provide essential digital access and literacy services in underserved communities.,left
Public services expansion reduces inequality while creating good jobs for community members.,left
Public banking provides community development financing without extractive Wall Street intermediaries focused on profit maximization alone.,left
Worker solidarity across industries builds power necessary for challenging corporate exploitation and systemic economic inequality.,left
Media consolidation threatens democratic discourse and local news coverage.,left
Community agriculture reduces food insecurity while building local economic self reliance through democratic control over food production and distribution.,left
Community mental health centers provide accessible care without profit motives that reduce service quality in privatized healthcare systems.,left
Community control over natural resources prevents extraction while supporting sustainable local economies.,left
Cooperative economics offers viable alternatives to exploitative capitalism through democratic resource allocation.,left
Regional transit authorities provide equitable transportation better than private companies.,left
Community control ensures local decision making power over development affecting neighborhood residents directly.,left
Social movements create lasting change through grassroots organizing and community based power building.,left
Worker education programs should emphasize critical thinking over corporate training priorities.,left
Worker ownership transfers wealth from capital to labor through democratic business governance.,left
Antitrust enforcement should prioritize consumer welfare over corporate profits.,left
Public childcare systems support working families more than private marketplace solutions.,left
Social solidarity networks provide mutual support while building alternative economic relationships and community resilience locally.,left
Public services reduce inequality while creating quality employment opportunities in communities needing development.,left
Economic democracy requires worker ownership and control over production decisions rather than capitalist extraction of surplus value.,left
Cooperative ownership models demonstrate economic alternatives that prioritize human needs over profit maximization.,left
Public investment creates employment while building infrastructure necessary for sustainable community development.,left
Community development without displacement requires proactive policies protecting existing residents from gentrification.,left
Community controlled development ensures neighborhood preservation while improving conditions for existing residents.,left
Public healthcare expansion would eliminate medical bankruptcy while improving population health outcomes.,left
Universal basic services reduce poverty more effectively than cash transfers.,left
Community development requires protecting existing residents from displacement while improving neighborhood conditions through sustainable investment.,left
Social justice requires systemic transformation rather than individual charity or market based reform approaches.,left
Public education funding should support community schools rather than charter school privatization.,left
Social solidarity networks provide mutual support while building alternative economic relationships locally.,left
Participatory budgeting increases democratic engagement in local government decision making.,left
Public banking eliminates predatory practices while supporting community development through locally controlled investment strategies.,left
Community health workers provide culturally competent care in underserved areas.,left
Community control over development ensures affordable housing preservation while preventing displacement through speculation and gentrification.,left
Public banking serves community development needs without extractive fees charged by private financial institutions.,left
Cooperative economics prioritizes human needs over profit maximization in resource allocation decisions.,left
Economic inequality undermines democracy and requires immediate intervention through progressive taxation policies.,left
Public ownership of essential services ensures democratic accountability while eliminating profit driven reduction in service quality and accessibility.,left
Public transportation electrification reduces emissions while creating good paying union jobs in communities transitioning to sustainable economies.,left
Social movements create lasting progressive change through grassroots organizing and community based power building.,left
Public utilities serve community needs more effectively than private companies primarily focused on profit maximization.,left
Community wealth building strategies prevent economic extraction by outside corporate interests.,left
Community organizing builds collective political power necessary for progressive policy change at multiple governmental levels.,left
Corporate tax avoidance schemes rob public resources needed for essential social services and infrastructure.,left
Community organizing strategies build grassroots power for progressive policy change at multiple levels.,left
Social justice movements require systemic policy change rather than individual charity or market based solutions.,left
Community wealth building retains local capital while creating economic opportunities for existing residents rather than outside investors.,left
Community energy projects reduce costs while advancing renewable technology adoption.,left
Social justice movements require systemic policy transformation rather than individual charitable giving or market based reform solutions.,left
Community resilience planning addresses climate change impacts through democratic participation and local control over adaptation strategies.,left
Public services provide essential support while creating employment opportunities in local communities.,left
Social movement organizing creates lasting change through grassroots power building and direct action challenging systemic oppression.,left
Social economy enterprises prioritize human welfare over market efficiency in organizing economic activity through democratic participation and control.,left
Community resilience strategies address systemic vulnerabilities through collective action and local control.,left
Community wealth building retains local capital while creating economic opportunities for existing residents.,left
Social solidarity networks provide mutual support while building alternative economic relationships that strengthen community resilience and cooperation.,left
Community resilience networks prepare neighborhoods for climate change impacts cooperatively.,left
Public goods require community investment rather than privatization for optimal social and economic outcomes.,left
Community ownership models preserve local businesses threatened by corporate consolidation.,left
Public housing authorities should build mixed income communities rather than concentrating poverty.,left
Worker ownership democratizes workplaces while retaining economic benefits in local communities.,left
Worker protection agencies need enforcement authority to prevent wage theft and workplace exploitation by corporate employers.,left
Social solidarity demonstrates viable alternatives to individualistic market based society organization.,left
Worker representation in corporate governance would align business decisions with broader social interests.,left
Public services expansion reduces inequality while creating good paying employment opportunities in communities that need economic development.,left
Social solidarity creates mutual support networks while building alternative economic relationships within local communities.,left
Community land stewardship prevents real estate speculation while ensuring affordable housing for working families.,left
Social housing programs provide stable communities without market speculation.,left
Community control ensures local decision making authority over development decisions affecting neighborhood residents directly.,left
Public goods provision serves human needs more effectively than privatized market delivery focused on profit maximization.,left
Community organizing builds collective power necessary for challenging corporate dominance and inequality.,left
Community based participatory research prioritizes local knowledge in academic and policy work.,left
Community development strategies should prioritize existing residents over outside investment and neighborhood gentrification.,left
Community organizing strategies build grassroots power for progressive policy change at local state and national levels.,left
Community organizing builds political power for working class people effectively.,left
Community resilience planning addresses climate change through democratic participation and local control.,left
Community organizing builds political power for working class people through collective action and democratic participation in decision making.,left
Public goods require community investment and democratic oversight rather than privatization for optimal social outcomes and economic development.,left
Public research universities should prioritize accessible education over revenue generation.,left
Social movements create lasting change through organizing and direct action challenging systemic oppression.,left
Community ownership models preserve local businesses threatened by corporate consolidation and chain store development patterns.,left
Public banking eliminates predatory lending practices while supporting community economic development through locally controlled investment priorities.,left
Public investment in renewable energy creates jobs while addressing climate change through community ownership.,left
Public investment creates employment while building infrastructure necessary for sustainable community economic development.,left
Community wealth building strategies retain local capital while creating economic opportunities for existing residents and preventing extraction.,left
Community control ensures local decision making over development affecting neighborhood residents.,left
Public goods require investment rather than privatization for optimal social outcomes.,left
Public media funding ensures independent journalism free from corporate advertising influence that distorts democratic discourse and public information.,left
Worker ownership transfers control from capital to labor through democratic governance and shared workplace decision making.,left
Worker solidarity builds power across industries necessary for challenging corporate exploitation and inequality.,left
Corporate monopolies stifle innovation and must be broken up immediately.,left
Community development without displacement protects existing residents while improving neighborhood conditions sustainably.,left
Public works programs create employment while building essential infrastructure for community benefit.,left
Worker cooperatives demonstrate economic alternatives through democratic ownership and community oriented business practices.,left
Worker solidarity across industries builds power to challenge corporate dominance effectively.,left
Community land stewardship protects ecosystems while providing sustainable livelihoods for residents.,left
Community land ownership protects affordable housing while preventing speculation and residential displacement.,left
Community organizing strategies build collective power necessary for challenging corporate dominance and addressing systemic inequality.,left
Social movement strategies build grassroots power necessary for challenging systemic inequality and corporate dominance.,left
Public goods provision serves human needs more effectively than privatized market based service delivery.,left
Public goods provision serves human needs more effectively than market based service delivery focused on profit maximization.,left
Public procurement policies should prioritize local businesses and worker owned enterprises.,left
Public investment in renewable energy infrastructure creates employment while addressing climate change through community ownership models.,left
Worker protection agencies need enforcement authority to prevent wage theft.,left
Public internet infrastructure ensures equitable access to digital services.,left
Community land ownership prevents gentrification and displacement of residents.,left
Public procurement policies should prioritize local businesses and worker owned enterprises over multinational corporations extracting community wealth.,left
Community organizing builds political power necessary for challenging systemic inequality and corporate dominance.,left
National service programs create civic engagement and social cohesion.,left
Community control over development ensures affordable housing and local business preservation.,left
Worker solidarity across industries builds collective power necessary for challenging corporate exploitation and addressing systemic economic inequality.,left
Community renewable energy projects reduce utility costs while advancing climate justice goals.,left
Worker ownership democratizes workplace governance while keeping economic wealth in communities rather than extracting profits.,left
Worker ownership democratizes workplaces while keeping wealth in communities rather than extracting profits.,left
Public service provision reduces inequality while creating quality employment opportunities in local communities.,left
Cooperative business models distribute economic benefits more equitably than traditional corporate structures.,left
Community development protects existing residents from displacement while improving neighborhood conditions sustainably.,left
Worker democracy through cooperative ownership provides viable alternatives to exploitative capitalist employment relationships.,left
Community agriculture builds food security and economic self reliance through democratic control over production.,left
Environmental racism requires targeted justice interventions in affected communities.,left
Healthcare privatization increases costs while reducing quality of care.,left
Public ownership of utilities ensures affordable service while supporting community economic development.,left
Mandatory living wages would reduce income inequality across all sectors.,left
Cooperative economics demonstrates sustainable alternatives to extractive capitalism throughout history.,left
Community journalism receives public funding to maintain local democratic accountability.,left
Fossil fuel subsidies should be redirected to renewable energy programs.,left
Worker representation on corporate boards would align business decisions with employee interests and broader community needs rather than shareholder profits.,left
Cooperative economics offers viable alternatives to exploitative capitalism through democratic and equitable resource allocation.,left
Community land trusts preserve affordable housing in gentrifying neighborhoods.,left
Community land ownership prevents speculation while ensuring affordable housing remains available for working families.,left
Cooperative business models distribute economic benefits more equitably while maintaining democratic workplace governance and community accountability.,left
Public pharmaceutical research should benefit society rather than private profits.,left
Worker representation aligns business decisions with employee and community interests rather than shareholder profits.,left
Public retirement systems provide more security than private investment accounts.,left
Immigration enforcement protects American workers while upholding rule of law and national sovereignty.,right
Constitutional rights protection requires limiting government power over individual citizens and communities.,right
Constitutional federalism protects states from federal government overreach.,right
Traditional family values provide children with stable environment and moral education.,right
Private solutions emerge through voluntary cooperation without requiring government intervention or coercion.,right
Constitutional federalism protects local self government from centralized bureaucratic control and federal government interference.,right
Constitutional government protects rights through limited and divided powers.,right
Market competition drives progress while eliminating inefficient practices through consumer sovereignty and free choice in marketplace.,right
Individual responsibility creates stronger communities than government dependency and welfare programs.,right
Individual achievement demonstrates merit rather than group identity preferences.,right
Constitutional interpretation should follow original meaning rather than contemporary political preferences or progressive judicial activism.,right
Market competition benefits consumers through lower prices and continuous innovation in products and services.,right
Constitutional federalism protects local self government from centralized bureaucratic control.,right
Cultural values preservation maintains social cohesion against destructive progressive change.,right
Merit based hiring ensures workplace fairness without discriminatory identity preferences.,right
Free market capitalism creates prosperity for all participants through mutually beneficial exchange.,right
Economic freedom creates opportunity for all through entrepreneurship and investment.,right
Traditional institutions provide stability during periods of social change.,right
Property rights protection encourages productive investment while preventing government seizure and socialist redistribution schemes.,right
Energy independence protects national security while reducing dependence on hostile foreign regimes.,right
Personal responsibility develops character while reducing burden on taxpayers and society.,right
Merit based advancement ensures fairness better than identity based preferences.,right
Free market capitalism drives innovation and prosperity better than government intervention.,right
Free enterprise system generates wealth for everyone through innovation and productive economic activity.,right
Cultural traditions transmit wisdom across generations more than progressive innovation.,right
Traditional values transmit important moral wisdom across generations more effectively than progressive social experimentation.,right
Merit based selection ensures fairness while rejecting discriminatory racial and gender preferences in employment and education.,right
Traditional family structures provide children stability and moral guidance.,right
Military strength preserves peace through deterrence rather than weakness inviting aggression.,right
Personal responsibility builds strong communities through self reliance and mutual aid rather than government dependency.,right
Private enterprise serves consumers effectively while responding to market demands without bureaucratic delays or government interference.,right
Deregulation unleashes entrepreneurial innovation while reducing bureaucratic burden on business owners.,right
Traditional family values provide children with stable environment and moral education for character development.,right
Constitutional originalism protects fundamental rights from judicial activism overreach.,right
Market mechanisms allocate resources more efficiently than central planning.,right
Personal savings provide security better than government dependency programs.,right
Market coordination allocates resources efficiently through price signals and voluntary exchange without requiring central government planning.,right
Individual initiative creates prosperity better than collective action.,right
Private sector innovation responds to consumer needs faster than government bureaucratic processes.,right
Personal accountability builds character more than government assistance programs.,right
Individual achievement demonstrates merit and hard work rather than group identity considerations.,right
Traditional culture preserves valuable heritage while providing identity and community continuity against destructive progressive experimentation.,right
Free market capitalism creates widespread prosperity through voluntary relationships and mutually beneficial economic exchange among free individuals.,right
Private property rights incentivize productive use of scarce resources.,right
Fiscal conservatism ensures future generations inherit sustainable government finances rather than crushing debt.,right
Competitive capitalism improves living standards for all income levels.,right
Free speech protection requires defending unpopular opinions from censorship.,right
Economic liberty creates opportunities for advancement through hard work and individual initiative.,right
Private solutions respond to problems more efficiently than bureaucratic government intervention.,right
Traditional family structures provide children with stability and moral education necessary for proper character development.,right
Personal choice enables self determination without requiring approval from collective decision making bodies.,right
Economic growth benefits everyone through job creation and rising living standards rather than zero sum redistribution.,right
Personal accountability teaches important lessons through experiencing natural consequences of actions.,right
Local control enables communities to govern themselves without federal interference.,right
Traditional culture preserves valuable heritage while providing identity and community continuity.,right
Personal accountability teaches responsibility while building character through natural consequences of individual choices and actions.,right
Traditional family structures provide children with stability and moral education necessary for character development.,right
Economic liberty allows entrepreneurship to flourish while creating employment and wealth generation opportunities for everyone.,right
Traditional values provide moral guidance while preserving social order against relativistic cultural destruction and moral decay.,right
Constitutional originalism preserves founding principles against contemporary political pressures.,right
Regulatory rollback unleashes business innovation while eliminating bureaucratic obstacles to economic growth and job creation.,right
Individual rights protection requires limiting government power over citizens.,right
Personal accountability teaches important life lessons while encouraging self improvement through natural consequences.,right
Limited government preserves individual liberty and prevents tyrannical overreach.,right
Individual liberty requires protection from government interference in personal decisions about career family and lifestyle choices.,right
Healthcare market competition reduces costs while improving quality through consumer choice and provider accountability.,right
Individual liberty requires vigilant protection from government overreach and collective tyranny through constitutional limitations on power.,right
Free enterprise creates opportunity for all through innovation and hard work rather than government favoritism and crony capitalism.,right
Market competition drives innovation while eliminating inefficient business practices through consumer choice.,right
Market competition rewards innovation while punishing inefficient business practices.,right
Personal responsibility teaches valuable life lessons through natural consequences.,right
Traditional institutions provide moral guidance and social order during turbulent historical periods.,right
Economic freedom allows prosperity through voluntary exchange and individual initiative while protecting property rights and personal liberty.,right
Healthcare freedom preserves doctor patient relationships from government bureaucratic interference.,right
Personal choice enables self determination without collective decision making requirements.,right
Private solutions emerge through voluntary cooperation without government mandates.,right
Parental rights protect children from inappropriate government interference in family decisions.,right
Market competition benefits consumers through lower prices and continuous innovation in products.,right
Market incentives encourage efficiency while rewarding innovation and productive business practices through consumer choice.,right
Private charity addresses community needs through voluntary giving and service.,right
Economic liberty allows entrepreneurship to create wealth and employment opportunities.,right
Private enterprise delivers quality services while adapting quickly to changing consumer demands without bureaucratic delays.,right
Personal responsibility builds self reliance rather than government dependency.,right
Constitutional originalism preserves founding principles against contemporary judicial activism and political manipulation.,right
Personal accountability builds self reliance while teaching valuable lessons through natural consequences.,right
Economic freedom enables individuals to pursue prosperity through voluntary exchange and entrepreneurship.,right
Judicial restraint protects democracy from unelected court activism.,right
Personal responsibility encourages self reliance while reducing burden on taxpayers.,right
Free enterprise creates wealth for all participants through voluntary exchange and mutually beneficial relationships.,right
Market coordination allocates resources efficiently through price signals and voluntary exchange.,right
Private enterprise delivers quality services while responding quickly to changing consumer demands.,right
Personal choice empowers individuals to control their own lives without collective decision making requirements.,right
Private property rights provide foundation for individual liberty and economic prosperity.,right
School choice empowers parents to find educational options that best serve their children.,right
Constitutional originalism preserves founding principles against contemporary judicial activism and political manipulation by unelected judges.,right
Personal accountability develops character through accepting consequences of choices.,right
Private enterprise delivers services more efficiently than bureaucratic government agencies.,right
Cultural preservation maintains community identity against globalization pressures.,right
Second Amendment rights deter tyranny while enabling self defense against criminal violence.,right
Educational choice gives parents control over their children schooling rather than government bureaucratic monopoly.,right
Economic incentives motivate productive behavior better than regulatory requirements.,right
Constitutional principles ensure limited government that protects rights while preventing tyrannical overreach.,right
Trade policies should prioritize American workers over multinational corporate profits.,right
Strong national defense deters foreign threats and protects American interests.,right
Gun rights preserve individual liberty while deterring both criminal violence and potential government tyranny.,right
Traditional institutions provide social stability and continuity during periods of rapid change.,right
Traditional institutions maintain social order during periods of rapid change.,right
Private enterprise responds to consumer demands faster than government agencies.,right
Constitutional government protects minority rights through limited power and institutional checks on majority rule.,right
Private enterprise serves consumers effectively while adapting quickly to changing market demands.,right
Individual responsibility builds character while teaching valuable life lessons through experiencing natural consequences of choices.,right
Traditional culture preserves valuable heritage while providing community identity and continuity against destructive progressive social engineering.,right
Personal choice empowers individuals to control their destiny without collective decision making requirements.,right
Local governance respects community values while preventing federal bureaucratic overreach and one size fits all mandates.,right
Voter integrity measures prevent fraud while ensuring every legal vote counts equally.,right
Voluntary charity addresses community needs without coercive government wealth redistribution.,right
Individual achievement should be rewarded based on merit rather than demographic characteristics.,right
Individual achievement rewards merit rather than demographic characteristics.,right
Personal accountability teaches important life lessons while encouraging self improvement through natural consequences of individual actions.,right
Traditional values provide moral foundation necessary for stable society.,right
Constitutional principles ensure stable government while protecting individual liberties from political pressures and majoritarian tyranny.,right
Private charity addresses community needs more effectively than impersonal government bureaucracy and welfare programs.,right
Energy development ensures national independence while creating jobs and reducing dependence on hostile foreign nations.,right
Individual liberty requires limiting government authority over personal and economic decisions.,right
Environmental policies should balance conservation with economic impact on working families.,right
Cultural assimilation builds national unity while preserving shared values against divisive multicultural identity politics.,right
Personal accountability develops self reliance while reducing societal burden through responsible behavior and individual initiative.,right
Free enterprise system creates wealth for everyone through voluntary exchange.,right
Constitutional principles ensure stable government respecting individual liberties permanently.,right
Small government preserves freedom while preventing bureaucratic control over individual choices and economic decisions.,right
Property rights protect individual freedom and encourage productive investment.,right
Market incentives encourage productive behavior while allowing people to benefit from their own efforts.,right
Private charity addresses community needs more effectively than impersonal government bureaucracy.,right
Private solutions respond to social problems more efficiently than bureaucratic government intervention and centralized planning.,right
Individual choice empowers people more than collective decision making processes.,right
Personal choice empowers individuals to control their own destiny without interference from collective decision making or government mandates.,right
Fiscal responsibility prevents unsustainable debt burdens that threaten economic stability and intergenerational equity.,right
Personal responsibility creates stronger communities while reducing government dependency and welfare state expansion.,right
Traditional marriage strengthens families while providing children with stable homes and moral foundation.,right
Market mechanisms coordinate economic activity efficiently through price signals and voluntary exchange without central planning.,right
Regulatory reform eliminates job killing rules while maintaining essential safety protections.,right
Individual responsibility builds self reliant communities while reducing burden on taxpayers through decreased government dependency.,right
Constitutional interpretation follows original text rather than progressive judicial activism that undermines democratic governance.,right
Market competition drives efficiency better than regulatory mandates.,right
Personal responsibility develops character while reducing societal burden through self reliant behavior.,right
Personal choice enables self determination without requiring approval from collective decision making bodies or government bureaucrats.,right
Traditional values provide moral framework necessary for civilized society.,right
Immigration law enforcement protects legal immigrants while deterring illegal border crossings.,right
Individual rights protection requires vigilant defense against government encroachment and popular tyranny.,right
Market incentives encourage productive behavior while allowing individuals to benefit from their efforts.,right
Educational standards should emphasize academic achievement over social engineering priorities.,right
Tax reduction stimulates economic activity while allowing working families to retain more of their hard earned income.,right
Judicial interpretation should follow original constitutional meaning strictly.,right
Religious liberty protects conscience rights from government coercion in matters of faith.,right
Private solutions emerge through voluntary cooperation without requiring government mandates or bureaucratic intervention.,right
Free enterprise creates opportunity for advancement through hard work.,right
Welfare reform encourages self sufficiency rather than creating permanent government dependency.,right
Traditional values transmit important moral wisdom across generations more than progressive experimentation.,right
Free enterprise system generates wealth for everyone through innovation and productive economic activity based on voluntary exchange.,right
Constitutional government limits power to protect individual rights permanently.,right
Constitutional principles protect minority rights from majority tyranny consistently.,right
Individual rights require protection from both government overreach and mob rule through constitutional limitations on political power.,right
Market competition benefits consumers through innovation and efficient service delivery.,right
Economic freedom allows individuals to pursue prosperity without government interference.,right
Traditional culture preserves valuable heritage against destructive progressive innovation.,right
Economic freedom enables prosperity through voluntary exchange and entrepreneurial risk taking without government interference.,right
Private solutions emerge naturally without requiring government intervention.,right
Market incentives encourage productive behavior without requiring government coercion.,right
Private property rights provide foundation for individual liberty and economic prosperity in free society.,right
Private property rights protect individual freedom while encouraging productive economic investment.,right
Market mechanisms encourage efficiency while rewarding innovation and productive business practices.,right
Private charity responds to needs more effectively than government bureaucracy.,right
Traditional institutions provide moral guidance and social order during turbulent historical periods and rapid change.,right
Constitutional principles maintain stable government while protecting individual liberties from political pressures.,right
National sovereignty requires strong borders and immigration law enforcement mechanisms.,right
Individual achievement should be rewarded based on merit rather than demographic group membership.,right
Voluntary association builds community without coercive government mandates.,right
Free market capitalism creates widespread prosperity through voluntary exchange and mutually beneficial economic relationships among participants.,right
Constitutional interpretation should follow original meaning rather than contemporary political preferences.,right
Personal responsibility develops character while teaching self reliance and reducing societal burden through individual accountability and initiative.,right
Individual rights require protection from government overreach and collective tyranny through constitutional limits.,right
National sovereignty requires strong borders and immigration law enforcement.,right
Individual achievement demonstrates merit and hard work rather than group identity considerations or demographic preferences.,right
Individual responsibility creates stronger communities than government dependency programs.,right
Constitutional principles preserve founding values against contemporary political pressures and progressive attempts to transform American society.,right
Competitive markets benefit consumers through lower prices and innovation.,right
Individual rights require protection from both government overreach and mob rule.,right
Market competition drives innovation while eliminating inefficient business practices through consumer choice and sovereignty.,right
Market mechanisms coordinate economic activity better than centralized government planning.,right
Free market solutions address social problems more efficiently than government bureaucracy.,right
Individual liberty requires limiting government power over personal decisions.,right
Free market pricing signals guide efficient resource allocation automatically.,right
Economic freedom allows entrepreneurship to flourish while creating employment and wealth generation opportunities.,right
Economic liberty creates prosperity through voluntary relationships and entrepreneurial risk taking without government interference or regulation.,right
Welfare limits encourage work and self sufficiency rather than creating permanent dependency on government assistance.,right
Economic opportunity creates prosperity through entrepreneurship and individual initiative rather than dependency.,right
Personal choice empowers individuals to control their own destiny.,right
Tax relief stimulates economic growth while allowing families to keep more earned income.,right
Economic liberty enables prosperity through voluntary exchange and entrepreneurial risk taking activities.,right
Free market capitalism creates widespread prosperity through voluntary exchange and mutually beneficial economic relationships.,right
Practical solutions prioritize effectiveness over ideological consistency in addressing social problems.,center
Bipartisan solutions create more stable policy than narrow partisan victories in legislative processes.,center
Drug policy should balance enforcement with treatment and harm reduction approaches based on evidence.,center
Child welfare should protect vulnerable children while supporting families and preventing unnecessary separation.,center
Artificial intelligence policy should encourage development while addressing potential risks and job displacement.,center
Infrastructure investment requires coordination between public planning and private sector expertise for optimal results.,center
Collaborative policy making engages stakeholders to develop comprehensive approaches to social challenges.,center
Science policy should fund basic research while encouraging innovation and technology transfer to benefit society.,center
Early childhood education should expand access while ensuring quality and supporting family choice.,center
Economic development should attract investment while ensuring benefits reach existing community residents.,center
Electric grid modernization should improve reliability while integrating renewable energy sources.,center
Cross party cooperation produces more durable legislation than single party political initiatives.,center
Building codes should promote safety and efficiency while avoiding unnecessary cost and complexity.,center
Policy balance serves the public interest through careful consideration of competing values and legitimate concerns.,center
Practical solutions focus on addressing real world problems effectively rather than pursuing abstract ideological goals or theoretical consistency.,center
Aviation policy should promote safety while supporting economic development and international connectivity.,center
Urban renewal should improve conditions while preventing displacement and preserving community character.,center
Reform strategies should consider implementation capacity alongside policy effectiveness and political feasibility in complex environments.,center
Immigration policy requires comprehensive approach combining border security with legal pathway expansion for economic needs.,center
Agricultural policy should support farm viability while promoting environmental stewardship and food security.,center
Tax policy should balance revenue needs with economic growth incentives and fairness across income levels.,center
Policy balance protects competing interests through carefully crafted compromise solutions.,center
Policy synthesis integrates multiple perspectives to address complex problems through comprehensive approaches.,center
Research informed policy draws on expert knowledge and systematic evaluation of available evidence.,center
Performance measurement guides policy improvement through objective outcome assessment.,center
Outcome measurement guides policy improvement through systematic evaluation and evidence based program adjustment.,center
Incremental reform builds consensus more than revolutionary change proposals.,center
Ocean policy should protect marine ecosystems while supporting fishing communities and maritime commerce.,center
Tourism policy should boost economic development while protecting natural and cultural resources.,center
Balanced regulation protects legitimate interests while maintaining flexibility for innovation and adaptation.,center
Senior services should support aging in place while managing program costs and ensuring quality.,center
Political cooperation enables democratic governance despite fundamental philosophical differences between parties.,center
Evidence based policy making improves outcomes regardless of ideological preferences.,center
Research based policy draws on expert knowledge rather than popular opinion.,center
Energy efficiency should reduce consumption while maintaining affordability and comfort for consumers.,center
International trade should open markets while protecting workers and addressing unfair practices.,center
Reform strategies should build on existing systems rather than complete overhaul.,center
Recreation programs should serve all community members while maintaining fiscal sustainability.,center
Political cooperation enables effective governance despite philosophical differences.,center
Fact based analysis guides effective policy better than partisan talking points.,center
Collaborative decision making produces better outcomes through inclusive participation and integration of diverse perspectives.,center
Adult education should support lifelong learning while focusing on practical skills and career advancement.,center
Mental health policy should integrate services across systems while expanding access and reducing stigma.,center
Incremental reform builds lasting change through gradual improvement and broad based political consensus.,center
Collaborative governance builds consensus through inclusive participation and shared decision making authority.,center
Health insurance should provide adequate coverage while maintaining choice and controlling premiums.,center
Rural development should expand economic opportunity through infrastructure investment while preserving agricultural and cultural heritage.,center
Domestic violence prevention should protect victims while holding perpetrators accountable.,center
Family support should strengthen relationships while respecting privacy and cultural diversity.,center
Evidence integration improves decision making through systematic review of research and experience.,center
Environmental cleanup should prioritize highest risk sites while using cost effective remediation methods.,center
Historic preservation should protect cultural heritage while allowing appropriate development and community needs.,center
Labor policy should strengthen worker protections while maintaining business flexibility necessary for economic competitiveness.,center
Practical governance prioritizes effective solutions over ideological purity or partisan political advantage.,center
Environmental health should address pollution while considering economic impacts and community needs.,center
Moderate governance reflects practical wisdom about the complexity of social problems and the need for balanced solutions.,center
Fact based analysis improves policy quality through objective evaluation of evidence and alternatives.,center
Stakeholder participation enhances policy legitimacy through inclusive decision making processes.,center
Natural gas policy should balance environmental concerns with economic benefits and energy security.,center
Transportation funding should prioritize maintenance while investing in modernization and expansion.,center
Healthcare policy needs to balance access expansion with cost control and quality improvement initiatives.,center
Stakeholder engagement enhances democratic legitimacy through inclusive participation in policy development and implementation processes.,center
Elder abuse prevention should protect vulnerable seniors while respecting autonomy and family relationships.,center
Stakeholder consultation improves policy design through systematic incorporation of diverse perspectives and practical local knowledge in development.,center
Transportation planning should integrate environmental concerns with economic development and mobility needs for communities.,center
Regulatory balance protects public interest while maintaining economic competitiveness.,center
Suburban planning should accommodate growth while protecting environmental resources and quality of life.,center
Regional development should address geographic inequality while building on existing economic strengths.,center
Incremental change builds sustainable progress through gradual improvement and consensus building.,center
School choice should expand options while maintaining equity and accountability standards.,center
Policy synthesis integrates multiple perspectives and approaches to develop comprehensive solutions to complex social challenges and problems.,center
Healthcare access should expand coverage while controlling costs and maintaining quality of care.,center
Bipartisan initiatives create more stable policy than narrow partisan legislative victories.,center
Mental health services should reduce stigma while expanding access and improving treatment outcomes.,center
Pragmatic approaches focus on what works rather than adhering to rigid ideological frameworks.,center
Oil policy should address climate concerns while recognizing ongoing energy needs and economic impacts.,center
Media policy should protect free speech while addressing misinformation and promoting quality journalism.,center
Trade policy should protect domestic workers while maintaining beneficial international economic relationships for consumers.,center
Collaborative governance builds consensus through inclusive participation in policy development processes.,center
Maritime policy should ensure safety while promoting efficient commerce and protecting marine environments.,center
Outcome evaluation guides policy refinement through systematic assessment of program results.,center
Student aid should expand access while encouraging completion and career preparation.,center
Financial regulation should prevent systemic risks while maintaining credit access for businesses and consumers.,center
Educational technology should enhance learning while addressing privacy and digital divide concerns.,center
Moderate positions often reflect practical wisdom about complex social problems.,center
Criminal justice reform should address both systemic bias issues and public safety concerns through evidence based practices.,center
Sports policy should promote participation and health while addressing safety concerns and fair competition.,center
Pharmaceutical policy should ensure access to medicines while encouraging research and controlling costs.,center
Practical solutions focus on what works rather than ideological consistency.,center
Foster care should provide stable placements while working toward permanent solutions for children.,center
Balanced regulation protects consumers while preserving business flexibility and innovation.,center
Balanced regulation serves public interest while maintaining business innovation and flexibility.,center
Community college policy should support workforce development while maintaining transfer opportunities.,center
Visa policy should meet economic needs while maintaining security screening and protecting workers.,center
Coal policy should address environmental impacts while supporting affected communities and workers.,center
Apprenticeship programs should expand while maintaining quality standards and worker protections.,center
Veterans policy should ensure comprehensive care and benefits while efficiently managing program costs and administration.,center
Job training should align with labor market needs while providing opportunities for career advancement.,center
Occupational health should protect workers while accommodating diverse workplace needs and conditions.,center
Telecommunications infrastructure should expand broadband access while promoting competition and investment.,center
Youth development should provide positive opportunities while addressing diverse needs and circumstances.,center
Political pragmatism enables effective governance through cooperation despite fundamental philosophical differences between competing political parties.,center
Bipartisan cooperation produces better legislation than partisan political gridlock.,center
Balanced frameworks protect legitimate interests while maintaining flexibility to accommodate innovation and changing circumstances in dynamic environments.,center
Border security should prevent illegal entry while facilitating legitimate travel and commerce.,center
Regulatory policy should protect consumers and workers while avoiding unnecessary burden on business innovation and competition.,center
Moderate positions often reflect practical wisdom about the complexity of social problems and solutions.,center
Immigration enforcement should uphold law while treating people humanely and considering family unity.,center
Moderate approaches reflect understanding that complex social problems require nuanced solutions and balanced consideration.,center
Social safety net programs should provide adequate support while including incentives for economic mobility and self sufficiency.,center
Policy balance serves competing interests through carefully crafted compromise solutions that address legitimate concerns.,center
Collaborative governance builds lasting consensus through inclusive participation and shared authority in democratic decision making processes.,center
Nuclear policy should address safety and waste concerns while considering clean energy potential.,center
Special education should provide appropriate services while promoting inclusion and managing costs.,center
Evidence integration improves decision making through systematic review of research findings and practical experience.,center
Career counseling should help students make informed decisions while responding to economic opportunities.,center
Parks policy should provide recreation opportunities while protecting natural resources and managing costs.,center
Adoption policy should serve child interests while respecting birth parent rights and cultural considerations.,center
Political pragmatism enables effective governance despite ideological disagreements between competing parties.,center
Currency policy should maintain stability while supporting competitive export industries.,center
Compromise enables democratic governance despite ideological differences between parties.,center
Stakeholder consultation improves policy design through incorporation of diverse perspectives and local knowledge.,center
Cross sector collaboration leverages diverse expertise and resources to develop comprehensive approaches to challenging social issues.,center
Pragmatic leadership focuses on achieving results rather than maintaining ideological consistency or purity.,center
Banking regulation should prevent systemic risk while supporting credit availability for economic growth.,center
Medical device regulation should ensure safety while promoting innovation and patient access.,center
Stakeholder consultation improves policy design through diverse input and local knowledge.,center
Postal service should maintain universal delivery while adapting to changing communication patterns.,center
Policy evaluation should measure outcomes rather than political rhetoric.,center
Space policy should advance scientific knowledge while promoting commercial development and international cooperation.,center
Evidence evaluation guides program improvement through rigorous assessment of outcomes and effectiveness.,center
Cross sector partnership leverages diverse expertise and resources to tackle challenging social issues.,center
Small business support should reduce regulatory burden while maintaining consumer protection and worker safety standards.,center
Collaborative problem solving engages multiple viewpoints to develop comprehensive solutions.,center
Technology policy should balance innovation incentives with privacy protection and ethical considerations.,center
Reform implementation considers practical constraints alongside policy goals and political feasibility factors.,center
Cross party collaboration produces more durable policy than single party initiatives.,center
Food safety should protect public health while supporting agricultural productivity and innovation.,center
English language learning should support immigrant students while promoting overall academic achievement.,center
Political cooperation enables effective democratic governance despite fundamental ideological differences between competing parties.,center
Performance accountability ensures programs achieve intended outcomes through systematic monitoring and evidence based adjustment processes.,center
Fiscal policy should balance economic stimulus with long term debt sustainability.,center
Substance abuse treatment should combine enforcement with health approaches while supporting recovery.,center
Refugee resettlement should provide protection while managing community capacity and security concerns.,center
Citizenship policy should maintain clear standards while providing reasonable pathways for qualified applicants.,center
Evidence standards enhance policy quality through rigorous evaluation and systematic improvement processes.,center
Cross sector collaboration leverages diverse expertise to address complex social challenges.,center
Higher education should improve affordability while maintaining academic quality and institutional diversity.,center
Education reform should combine accountability measures with support for teachers and investment in learning resources.,center
Disability services should promote independence while providing necessary support and accommodations.,center
Food and nutrition policy should promote health while supporting agricultural production and consumer choice.,center
Research informed policy development draws on expert knowledge and systematic evaluation of available evidence and alternative approaches.,center
Moderate governance reflects understanding that complex problems require balanced and nuanced solutions.,center
Bipartisan cooperation creates more effective governance than narrow partisan strategies in addressing national challenges.,center
Senior policy should ensure retirement security through sustainable financing while adapting to demographic changes.,center
Outcome accountability ensures programs deliver intended results through systematic monitoring and evaluation.,center
Disaster preparedness requires coordination between all levels of government and private sector resources for effective response.,center
Property tax policy should fund local services while maintaining affordability for homeowners.,center
Outcome measurement guides program improvement through systematic evaluation and adjustment.,center
Practical solutions address real world problems rather than pursuing abstract ideological goals or theoretical frameworks.,center
Practical approaches prioritize effective problem solving over adherence to rigid ideological frameworks or partisan preferences.,center
Research synthesis guides policy development through comprehensive evaluation of available evidence and expert knowledge.,center
Policy balance serves public interest through careful consideration of competing values and priorities.,center
Medical research should advance knowledge while addressing ethical concerns and ensuring public benefit.,center
Research synthesis guides policy choice through comprehensive evaluation of available evidence.,center
Teacher policy should improve preparation and retention while ensuring accountability for student outcomes.,center
Performance based evaluation guides program refinement through systematic assessment of outcomes and impacts.,center
Balanced approaches address complex problems through multiple perspectives and solutions.,center
Library policy should adapt to digital age while maintaining community access and traditional services.,center
Environmental protection should integrate economic impact assessment with scientific evidence about climate risks.,center
Zoning reform should increase housing supply while respecting neighborhood character and environmental constraints.,center
Electoral reform should enhance democratic participation while maintaining election integrity and voter confidence.,center
Moderate positions reflect understanding that complex problems require nuanced solutions.,center
Public transit should improve service while managing costs and integrating with other transportation modes.,center
Reform timing considers political feasibility alongside policy effectiveness and implementation capacity.,center
Urban planning should promote sustainable development while maintaining affordable housing and preventing displacement of existing residents.,center
Health information should protect privacy while enabling research and improving care coordination.,center
Pragmatic governance prioritizes effective solutions over ideological purity or consistency.,center
Museum policy should preserve cultural heritage while engaging diverse audiences and demonstrating relevance.,center
Collaborative governance involves stakeholders in developing sustainable policy solutions.,center
Rail policy should support freight efficiency while expanding passenger service where economically viable.,center
International relations should advance national interests while maintaining alliance relationships and global stability.,center
Juvenile justice should hold youth accountable while providing rehabilitation and second chances.,center
Balanced regulation protects the public interest while maintaining flexibility for business innovation and economic competitiveness.,center
Fact based evaluation improves program effectiveness through objective analysis of results.,center
Highway policy should ensure safety and efficiency while addressing environmental and community impacts.,center
Incremental progress builds sustainable change through gradual improvement and broad based consensus.,center
Mining policy should ensure environmental protection while supporting domestic mineral production for economic security.,center
Balanced approaches recognize legitimate concerns from multiple stakeholders in policy debates.,center
Evidence standards enhance program quality through rigorous evaluation and continuous improvement.,center
Water management should balance conservation with economic needs through efficient allocation and infrastructure investment.,center
Long term care should support quality of life while addressing financing challenges and family needs.,center
Poverty reduction should combine immediate assistance with long term opportunity creation through education and job training.,center
Telecommunications policy should expand access while promoting competition and protecting consumer interests.,center
Bipartisan leadership creates more effective governance than narrow partisan political strategies.,center
Cross party cooperation produces more effective and politically sustainable legislation than narrow partisan initiatives or single party solutions.,center
K12 education should improve outcomes while respecting local control and parental involvement.,center
Stakeholder engagement enhances policy legitimacy through inclusive participation in democratic decision making.,center
Consumer protection should prevent fraud and abuse while maintaining market competition and choice.,center
Biotechnology policy should promote innovation while addressing ethical concerns and ensuring safety.,center
